:020000040800F2
:1070000008620020BD72000839D90008F9CC0008D8
:1070100041D1000865880008310A0108000000001D
:10702000000000000000000000000000C5F400089F
:10703000918E000800000000FDE40008D5F600086D
:10704000D7720008D7720008D772000815E7000849
:10705000D7720008D7720008D7720008D7720008EC
:10706000D7720008D7720008D7720008D7720008DC
:10707000D7720008D7720008D7720008D7720008CC
:10708000D7720008D7720008D7720008D7720008BC
:10709000D7720008D7720008D7720008258F000841
:1070A000D7720008D7720008D7720008D77200089C
:1070B000D7720008D7720008D7720008D77200088C
:1070C000D7720008D7720008D7720008D77200087C
:1070D000B906010841CF0008D7720008D77200082E
:1070E000D7720008D7720008D7720008D77200085C
:1070F00035CF000839CF000879C40008D7720008DE
:10710000D7720008D7720008D7720008D77200083B
:10711000D7720008D7720008D7720008D77200082B
:10712000D7720008D7720008ED8D0008D7720008EA
:10713000D7720008D7720008D7720008000000005C
:10714000843F01080000000000000000050100006D
:10715000FC490020244C00204C4E0020745000209C
:1071600045EB000811ED000845EC0008B9EA0008FD
:107170000DEA0008C9EC000815F00008FFFFFFFF4A
:1071800000093D00FFFFFFFF090DFF018300000024
:1071900000000000000000011000000000000000DE
:1071A00000000000000000000000000000000000DF
:1071B00000000000000000000000000000000000CF
:1071C00000000000000000000000000000000000BF
:1071D00000000000000000000000000000000000AF
:1071E000000000000000000000000000000000009F
:1071F000000000000000000000000000000000008F
:10720000000000000000000000000000000000007E
:10721000000000000000000000000000000000006E
:10722000000000000000000000000000000000005E
:10723000000000000000000000000000000000004E
:10724000000000000000000000000000000000003E
:10725000000000000000000001FF01FF01FF01FF2E
:1072600001FF01FF01FF01FF01FF01FF01550000C8
:020000040800F2
:1072A800DFF80CD000F014FB00480047151D01085A
:1072B800086200200648804706480047FEE7FEE7C8
:1072C800FEE7FEE7FEE7FEE7FEE7FEE7FEE7FEE78E
:1072D8007DF70008A97200082DE9F05F0546002037
:1072E80092469B4688460646814640241BE028462F
:1072F80041464746224600F03BFA53465A46C01AD2
:10730800914110D311461846224600F022FA2D1A50
:1073180067EB01084F4622460120002100F019FAC8
:1073280017EB00094E41201EA4F10104DFDC48469A
:1073380031462A464346BDE8F09F10B5431A9342AA
:1073480009D28318881803E010F8011D03F8011DFD
:10735800521EF9D210BD40EA01039B0703D009E091
:1073680008C9121F08C0042AFAD203E011F8013B29
:1073780000F8013B521EF9D210BDD2B201E000F86C
:10738800012B491EFBD270470022F6E710B51346C1
:107398000A4604461946FFF7F0FF204610BD10B50F
:1073A800044604E00B7800F8013B03B1491C521E67
:1073B800F8D2204610BD421C10F8011B0029FBD151
:1073C800801A704730B504460020034600E05B1C75
:1073D800934203D2E05CCD5C401BF8D030BD30B5A1
:1073E80005460020034600E05B1C934205D2EC5C96
:1073F800C85C201A01D1002CF6D130BD2DE9FE4F12
:10740800804681EA0300C00F0C46009021F000413D
:1074180023F00045B8EB0200A94105D240462146B9
:1074280090461C460B46024623F00040104347D0C6
:10743800270DC7F30A00C3F30A510290401A0190BE
:1074480040286BDAC3F3130040F4801B009892467F
:1074580020B10023D2EB030A63EB0B0B01985946CA
:10746800C0F14002504600F074F906460D465046F9
:107478005946019A00F08CF910EB0800614100248C
:1074880087EA115284EAE7731A4340D0009A62B33C
:10749800019A012A4FEA075215DC001B61EB020131
:1074A8004FF0004202EA0752CDE90042001C41F5C4
:1074B800801132462B4600F08CF903B0BDE8F08FFE
:1074C80040462146F9E7001B61EB0201001C41F52B
:1074D800801300185B412018A2F5001747EB030141
:1074E80040EAD570B6196D4111E06D084FEA3606CD
:1074F80045EAC0754FEA0752001B61EB0201001C08
:1075080041F5801149084FEA3000001951413246CF
:107518002B4603B0BDE8F04F00F04CB900980122AB
:1075280040000023D0EB020263EBE0730098214691
:107538004FEAE074B8EB000061EB0401E9E783F07F
:1075480000435BE781F0004158E72DE9FE4F81EAEF
:10755800030404F0004421F0004100944FF0000BB4
:1075680023F0004350EA01045ED052EA03045BD0E2
:10757800C3F30A54C1F30A552C44A4F2F33401941A
:10758800A0FB0254C1F3130141F48011C3F31303A8
:1075980043F4801301FB024400FB034E840A970A5C
:1075A80044EA815447EA8357A4FB076802958D0A89
:1075B80005FB07854FEA932C04FB0C542705029D15
:1075C8004FEA065847EA1637B5EB08056EEB070C85
:1075D800870E920E47EA811742EA8312A7FB02013F
:1075E800B6EB0B0164EB00042B0D43EA0C335E1879
:1075F80044EB1C50DA465146E7FB0201C5F313047D
:107608004FEA0B3343EA14534FEA0432019C43EA2E
:107618000603A4F10C040294009CCDE900B400F028
:10762800D8F803B0BDE8F08F00200146F9E72DE94E
:10763800F04D81EA030404F0004B21F000451446A4
:107648004FF0000A23F0004150EA050220D054EA26
:1076580001021DD0C5F30A570246C5F31303C1F34F
:107668001300C1F30A5640F4801543F48013A7EBC6
:107678000608101BD64608F2FD3873EB050002D346
:1076880008F1010801E092185B41B8F1000F03DA34
:1076980000200146BDE8F08D00204FF48011064619
:1076A80084460EE0171B73EB050705D3121B63EB2B
:1076B800050306434CEA010C49084FEA30009218CA
:1076C8005B4150EA0107EDD152EA030012D082EA89
:1076D800040083EA0501084305D0101BAB4106D21C
:1076E8000122002306E000224FF0004302E06FF081
:1076F800010253101AEB06004CEB085110EB0A007C
:1077080041EB0B01BDE8F04D00F054B80EB540F266
:10771800334102910021CDE900110A460B4600F0E1
:1077280058F803B000BD30B50B46014600202022B2
:10773800012409E021FA02F59D4205D303FA02F576
:10774800491B04FA02F52844151EA2F10102F1DCD6
:1077580030BD202A04DB203A00FA02F100207047ED
:107768009140C2F1200320FA03F319439040704777
:10777800202A04DB203A21FA02F00021704721FA7E
:1077880002F3D040C2F120029140084319467047E5
:10779800202A06DBCB17203A41FA02F043EAE073CD
:1077A80006E041FA02F3D040C2F1200291400843BA
:1077B8001946704710B5141E73F1000408DA401C0E
:1077C80041F1000192185B411A4301D120F00100F8
:1077D80010BD2DE9F04D92469B4611B1B1FA81F2E8
:1077E80002E0B0FA80F220329046FFF7B2FF04467A
:1077F8000F4640EA0A0041EA0B0153465A4608433D
:1078080013D0114653EA010019D0C8F1400250467E
:10781800FFF7AEFF05460E46504659464246FFF76B
:1078280098FF084305D0012004E020463946BDE80A
:10783800F08D0020054346EAE0762C4337430A984A
:107848006305E40AA0EB08000022FD0A44EA475455
:107858000A3002D500200146E9E7010510196941FF
:10786800DDE9084500196941BDE8F04DA2E7C1F31B
:107878000A52C1F3130140F2FF3341F480119A42D6
:1078880002DA00200146704740F233439A42A2F2DE
:10789800334202DC5242FFF76BBFFFF75ABF0000CA
:1078A80030B5041E71F1000404DB4FF0004440427F
:1078B80064EB0101141E73F1000405DB1C464FF054
:1078C8000043524263EB0403994208BF904230BD23
:1078D8001CB509480090094801900546009C06E03F
:1078E800E06840F0010394E8070098471034AC4280
:1078F800F6D3FFF7D9FC0000443F0108843F010894
:1079080030B58C1810F8012B12F00F0301D110F8C4
:10791800013B120906D110F8012B03E010F8015BB6
:1079280001F8015B5B1EF9D101E001F8013B521E31
:10793800FBD1A142E6D3002030BD000010B588B0CD
:1079480042F69450C0F6010090E80E504469019147
:10795800018B807E02920393CDF810C0CDF814E01D
:107968000694ADF81C108DF81E0008F00FF801A859
:1079780006F0EAFF08B010BD2DE9F04186B001F02D
:107988005BFE01F063FE40F69000C5F6000001685A
:1079980041F48031016001F033FA42F6C46240F6E6
:1079A800000340F200470021C0F60102C4F60003BC
:1079B800C4F600074FF00008002500200491CDE927
:1079C8000211CDE9001104E0A688354301312629CA
:1079D80014D002EBC104A679002EF7D052F831601A
:1079E8009E4207D0BE42EFD0B6F1904FEED1A688A6
:1079F8003043EBE7A68848EA0608E7E700214C276A
:107A080002910121C5F600070191032102040391A7
:107A180021D084B200943868694640F0010038608B
:107A2800386800F0010005900598D7F8000140F08B
:107A38000100C7F80001D7F8000100F00100059027
:107A480005984FF0904002F05FF84FF090402146C3
:107A5800002202F021F940F200442804C4F6000490
:107A68001FD0ADB200953868694640F00200386012
:107A7800386800F0020005900598D7F8000140F03A
:107A88000200C7F80001D7F8000100F002000590D5
:107A98000598204602F038F820462946002202F0D0
:107AA800FBF85FEA084022D01FFA88F5009538688D
:107AB80004F5806440F0040038603868694600F0D6
:107AC800040005900598D7F8000140F00400C7F8B5
:107AD8000001D7F8000100F0040005900598204641
:107AE80002F012F820462946002202F0D5F806B026
:107AF800BDE8F08170470000B0B588B04468B4F8BC
:107B08000B10A1F51241072900F2C580DFE801F04A
:107B1800047597C3AAB5719569460446084606F0E8
:107B280021FF9DF800109DF801209DF8023043F2D6
:107B3800BF00C0F601000AF0CBFB9DF8041043F229
:107B48008D00C0F601000AF0C3FB9DF80A109DF8ED
:107B58000B209DF80C3043F2A900C0F601000AF092
:107B6800B7FB43F23520C0F601000AF0B1FB21460D
:107B7800002448680794407B0694012805940494DF
:107B880000F08180002840F0888043F2A220C0F6EF
:107B980001000BF055F8FFF7D1FE0F208DF810000B
:107BA8007F2042F200058DF81200CEF20405286805
:107BB800040C43F2E410C0F6010021460AF088FBE9
:107BC800ADF81C402C6843F2C5106FF31F34C0F6A3
:107BD800010021460AF07CFB04A8ADF81E4006F01F
:107BE800A5FE00F0A5F80120002108F073FD08B0FB
:107BF800B0BDD4F80D1036A03AE043F27311C0F6C8
:107C08000101044608460AF063FB646843F2052054
:107C1800617BC0F601000AF05BFB607B002807BFB0
:107C280043F2F320C0F6010043F2BC20C0F6010085
:107C380008B0BDE8B0400BF003B81CA01EE043F24A
:107C48005420C0F601000AF0FBFFD4F80D10D4F858
:107C5800112043F2E300C0F6010008B0BDE8B040CF
:107C68000AF036BBD4F80D1043F20910C0F6010033
:107C780008B0BDE8B0400AF02BBB24A008B0BDE8AE
:107C8800B0400AF025BB43F29410C0F601000D463F
:107C98000AF01EFB2C7008B0B0BD43F24110C0F6CC
:107CA80001000AF015FB08B0B0BD00BF3E3E3D3DE7
:107CB80020534843495F5355425F4556545F4E56DB
:107CC8004D5F454E445F45524153450A0D00000043
:107CD8003D3D3E3E534843495F5355425F455654E8
:107CE8005F4E564D5F53544152545F455241534580
:107CF800203A204E756D6265724F66536563746FE6
:107D08007273203D2025750A000000003E3E3D3D6F
:107D180020534843495F5355425F4556545F4E567A
:107D28004D5F454E445F57524954450A0D000000C7
:107D380070B598B045F25870C2F200000921017080
:107D480040F2C8210024C2F2000100BF0A5D1AB146
:107D58000134082CFAD1082440F2C8210130C2F2BB
:107D680000012246FFF71BFB40F24801601CC2F2EB
:107D78000001087042F6B050C0F6010090E84E00CD
:107D8800D0E90454D0E906CE089600F12006008F09
:107D98000591ADF84C0040F22800C2F2030014909F
:107DA80048F2E95006920793CDE909547ECEC0F611
:107DB8000000CDE90BCE0DF1340C159048F20560AA
:107DC8008CE83E00C0F6000014A9129609F0A8FD40
:107DD8000220012108F07EFC41F6B532C0F601020E
:107DE8000220002108F0A6FC05A806F091FD30B19C
:107DF8000146DDA00AF06CFA01F0BAFA02E0E8A048
:107E08000AF066FA0020CDE91400ADF84E0001F042
:107E1800E7FA149001F0E4FA43F69840C0F601003E
:107E280015910AF00DFF09F027FE38B1014643F21B
:107E38000350C0F601000AF04BFA02E0E2A00AF093
:107E4800FFFEBDF8540040F2490400BA1499C2F28A
:107E58000004000C208108BAC4F80A0014AA2E20D5
:107E6800062109F0D5F938B1014643F26440C0F65D
:107E780001000AF02DFA19E043F61830C0F60100A7
:107E88000AF0DEFEDDE91460C0F30721C2B2C6F3D2
:107E98000740C6F30725CDE9000543F2D860330E45
:107EA800F6B2C0F6010002960AF012FA43F2040292
:107EB800C0F601021820102109F0AAF938B10146CC
:107EC80043F20F40C0F601000AF002FA05E043F65B
:107ED800D320C0F601000AF0B3FE42F6F472C0F6F1
:107EE80001020820102109F093F938B1014643F244
:107EF800BA30C0F601000AF0EBF905E043F68E202F
:107F0800C0F601000AF09CFE01201F2109F058F973
:107F180038B1014643F2C540C0F601000AF0D8F96D
:107F280005E043F66930C0F601000AF089FE09F061
:107F3800CDF838B1014643F26050C0F601000AF0AE
:107F4800C7F905E043F6B730C0F601000AF078FE3D
:107F58000DF15A0617AD0DF15E0305200021072229
:107F6800CDE9005608F052FE38B1014643F23050D0
:107F7800C0F601000AF0ACF905E043F69730C0F608
:107F880001000AF05DFEBDF85E00BDF85C1096A623
:107F980000220723009609F0B9F8BDF85E00BDF885
:107FA8005A100DF14E0600220223009609F0AEF891
:107FB80000200221022209F025FD38B1014643F2D2
:107FC8001A60C0F601000AF083F905E043F6414063
:107FD800C0F601000AF034FE40F21015C2F20005A6
:107FE8000120287008F0E6FE38B1014643F25460DB
:107FF800C0F601000AF06CF905E043F66B40C0F6E4
:1080080001000AF01DFE40F20110C0F600004BF21C
:108018000721C5F801001020C0F201010022082341
:108028006871A9600126CDE90030CDE9022101205F
:10803800012101220023049608F030FE38B10146E0
:1080480043F29150C0F601000AF042F905E043F608
:10805800D830C0F601000AF0F3FDA87880B108F026
:10806800B5FD38B1014643F2DB50C0F601000AF015
:108078002FF905E043F61240C0F601000AF0E0FDD2
:1080880043F69300C0F601000AF022F907F0A8F9B8
:10809800002085F880004FF6FF7048F2F912E88258
:1080A800C0F600020120002108F044FB2020A07146
:1080B800062009F05FF838B1014643F61A00C0F609
:1080C80001000AF005F905E043F65E00C0F601007C
:1080D8000AF0FEF800F0AAFD0020002600F0A2F940
:1080E80005F0D4FE41F27522C0F601024FF480403B
:1080F800002108F01FFB41F2BD34C0F601044FF423
:1081080000400021224608F015FB05F183010020FC
:108118000022234604F012FB48F2712305F1810185
:10812800C0F600030020002204F008FB4FF2D163E0
:1081380005F18201C0F600030020002204F0FEFAD7
:1081480040F2F200C2F200000121017040F2F0009A
:10815800C2F20000017001202E8300F089F809F0B6
:1081680085F818B070BD00BF20204661696C2020DA
:10817800203A20534843495F43325F424C455F49A8
:108188006E697420636F6D6D616E642C2072657307
:10819800756C743A203078253032780A0D0000006A
:1081A8002020537563636573733A20534843495FCE
:1081B80043325F424C455F496E697420636F6D6D51
:1081C800616E640A0D0000002020537563636573B7
:1081D800733A206863695F726573657420636F6DB5
:1081E8006D616E64000000005032505352563100E9
:1081F80010B540F21014C2F2000494F8800005286B
:108208000CD008F0FBFD002184F880100DA106A217
:10821800002808BF114608460AF05AF80220BDE8AF
:10822800104000F025B800BF2A2A2053544F502090
:108238004144564552544953494E47202A2A202042
:108248000D0A0D002A2A2053544F50204144564508
:1082580052544953494E47202A2A20204661696CC6
:108268006564200D0A0D00000120042108F07CBB84
:108278002DE9F04188B040F2F201C2F20001044653
:1082880040F2F0000D78C2F200000678002D40F2AE
:10829800101818BF8025002EC2F2000818BFA026AB
:1082A800012C18BF4FF4C86598F8810018BF4FF427
:1082B8007A6604F079FC022C15D198F88000013810
:1082C800012810D808F09AFD38B1014643F26F3002
:1082D800C0F6010009F0FCFF05E043F6CC10C0F63B
:1082E80001000AF0ADFC40F24800C2F2000000783C
:1082F80098F8181045F25873002708F11902C2F2CD
:108308000003CDE90070CDE90231CDE90427002052
:10831800294632460123069708F0FCFC40B1014685
:108328001EA009F0D5FF88F8807008B0BDE8F0817C
:1083380028A088F880400AF083FC40F24901C2F284
:1083480000010E2008F07AFD78B10146012C07BF24
:1083580043F29870C0F6010043F26070C0F6010065
:1083680008B0BDE8F04109F0B3BF012C0DD123A03E
:1083780009F0AEFF98F881004EF24601C0F2010103
:1083880008B0BDE8F04104F02FBB43F2ED70C0F631
:10839800010008B0BDE8F04109F09ABF3D3D3E3EFE
:1083A800206163695F6761705F7365745F64697397
:1083B800636F76657261626C65202D206661696CF9
:1083C8002C20726573756C743A2030782578200AF1
:1083D800000000003D3D3E3E206163695F676170BB
:1083E8005F7365745F646973636F76657261626CED
:1083F80065202D2053756363657373003D3D3E3ED4
:1084080020537563636573733A20537461727420E3
:1084180046617374204164766572746973696E6726
:10842800200A0D0010B548F265420446C0F6000265
:108438004FF48060002108F07DF940F25C03C2F23D
:1084480000034FF0640C03EB840242F61920214626
:1084580023F824C0BDE8104000F0A6B840F25C0242
:10846800C2F2000242F61920002100F09DB8000077
:1084780040F25C01C2F20001CA780880012A18BFE4
:1084880070474FF48060032108F06EBA80B582B05F
:108498004178FF2902D0002002B080BDB0F8031057
:1084A80040F61442914212D040F601429142F2D174
:1084B80040F28C01C2F200014988B0F8072002316D
:1084C8009142E8D1407B012121EA00000EE040F210
:1084D8008C01C2F200014988B0F8072001319142AD
:1084E800D9D1B0F8050008F0A5FD02208DF80600E6
:1084F80000208DF807000DF1060000F035F8012086
:1085080002B080BDF0B587B048F29540C0F60000D3
:1085180006F076FF41F60F0040F28C050DF11A04C3
:10852800ADF81A00C2F200050120214601220423F9
:1085380000950126042708F01DFD42F6192135F89B
:10854800020BADF81A100A2100221223CDE90032DD
:10855800CDE902710121224601230496059508F010
:1085680099FC07B0F0BD00000078022812D001285D
:1085780009D0002818BF704740F25C00C2F2000022
:108588000121C170704740F25C00C2F20000002176
:10859800C170704740F25C02C2F2000242F6192034
:1085A800002100F001B80000944642F619229042DA
:1085B80018BF704780B582B001EB410040F28C01D2
:1085C800C2F2000101EB400231F81000518800228C
:1085D8000123CDF800C008F099FD02B080BD00006D
:1085E800012806D0002818BF70474FF6FF7008F022
:1085F8008DB84FF6FF7008F0C9B8000010B50446F2
:108608004068083006F02CFF002818BF01202070B1
:1086180010BD00007047000040F2FC20C2F20000CC
:10862800016811B10139016001D00020704710B50F
:108638005820C5F60000016840F2004421F40011FA
:10864800C4F60004016020464FF4807101F0C6F9B9
:1086580020464FF4007101F0C1F91E2002F0EEF837
:108668001F2002F0EBF845F60800C2F2000001F006
:108678007DFB002818BF6FF0070010BD40F2FC22F8
:10868800C2F2000245F6080045F200411368C2F242
:108698000000C4F200010160581C002B10601CBFD0
:1086A800002070472DE9F0439BB045F60800C2F260
:1086B800000001F077FB00284FF0000002D01BB04B
:1086C800BDE8F08301AC204650210026FEF75CFE91
:1086D8004FF440304FF0040809902046CDF804804C
:1086E80002F034F94C27C5F60007386840F2004418
:1086F80040F0020038603868C4F6000400F0020058
:10870800159015984FF4807015AD15904FF012091B
:1087180020462946CDE91696CDE9186801F0F4F906
:108728004FF40070CDE9150920462946CDE91766B2
:10873800CDF8648001F0E8F9F868002140F40010F1
:10874800F860F868002200F400101A901A981E20A9
:1087580002F0AEF81E2002F087F81F200021002248
:1087680002F0A6F81F2002F07FF845F60800C2F2D2
:10877800000004F0B9FC20B16FF007001BB0BDE8A1
:10878800F08345F60800C2F20000002101F0A4FAC7
:10879800002818BF6FF007001BB0BDE8F083000089
:1087A80080B50A46014645F60800C2F200004FF4BB
:1087B800805301F04FFB002818BF6FF0020080BD06
:1087C80080B584B09C460B4601464FF48050029019
:1087D80045F608000092C2F200001A460223CDF8BE
:1087E80004C001F0DFFB70B145F60800C2F20000DA
:1087F80001F0D6FA01466FF06500042908BF6FF052
:10880800030004B080BD002004B080BD80B584B0F2
:108818009C460B4601464FF48050029045F60800EE
:108828000092C2F200001A460223CDF804C001F0FB
:1088380043FD70B145F60800C2F2000001F0B0FA3D
:1088480001466FF00300042908BF6FF0650004B00B
:1088580080BD002004B080BD70470000FEE7000026
:10886800704700002DE9F04F83B0044640690F4679
:108878002189994690460028834618BF8B460DD01B
:1088880061B9D4E900232669955D0136F31A38BF2A
:108898003346D25C45EA022202F1020BD4E90332E4
:1088A800002918BF88469A4201D2002203E0636873
:1088B80012FA8BF29A1AB1FA81F14B0908EB4305C7
:1088C80005FB09F191424FEA43060AD20022B2425F
:1088D8000ED80023B24212D81A46B8F1000F16D1AA
:1088E8001AE0B2FBF5F303FB1522D2B2B242F0D97B
:1088F800237FDB07134608BF0023B242ECD9227F4F
:108908009207324658BF1A46B8F1000F04D00844FF
:1089180061681044884203D9002003B0BDE8F08F95
:10892800B9F1000F0295009600F0A5804FEA1820D3
:108938004FF0000A019008E0A069B9F1010900F1BF
:1089480001004744A06100F096802069616810FA30
:108958008BF2501A218938BF1046206199B92168D5
:1089680001F80080D4E900120130821A38BF0246AB
:108978000198531C885460686169181A01F1020152
:1089880038BF1846616161680D1A454528BF4546DC
:1089980006D2227F22B181421ED100268EB9CBE7B2
:1089A80021682A4608443946FEF7C7FC6069DDF8A5
:1089B80008B028446061A8EB05060020AA46002EEE
:1089C800BAD021683246084407EB0A01FEF7B5FC25
:1089D800606930446061AFE7217FCA071FD189070A
:1089E80040D52189002997D121682A0A014401F834
:1089F800025C2168014401F8012C21682A460844D8
:108A08003946FEF79AFCD4E9050223682844A8EB06
:108A180005010132C4E90502080A19701AE0218922
:108A280041B92168FF22014401F8022C2168084459
:108A380000F8012C606921892844606121B1002077
:108A480045464FF0000A0DE02068002580F80080B8
:108A5800019841462268AA46507060690D46023066
:108A68006061022000992E4605EB010B002121616F
:108A7800002EA6D160E72069009BD4E900121844B3
:108A8800821A38BF0246881803B0BDE8F08F00008C
:108A980080B5DDF808E084460020CCE90300CCE985
:108AA80005000EF00200CCE90012ACF80830002BEB
:108AB80018BF012303EA500040428CF81CE080BD37
:108AC8002DE9F041D0F814C0BCF1000F56D002894E
:108AD80096465AB9D0E9003EC4681E5D0134B4EB2D
:108AE8000E0538BF25465B5D46EA032E037F03F07B
:108AF8000303012B22D14FF6FF739E4508BF002ABE
:108B080008D0D0E90334A34218D9BAB14468E31AAB
:108B1800934213D24368C668ACEB03052E44466102
:108B280000269646C6604AB90668C3F1010435783E
:108B3800012B88BF0124335D45EA032EB2FA82F285
:108B48005409C268D0E9006802EB44034569B3EBF5
:108B5800080738BF1F460EEB440306EB070CEB1A59
:108B6800436107D0630073441A44B2EB080338BF6B
:108B78001346C3608269013A826103E04FF0000C3A
:108B88004FF0000E6046002918BFA1F800E0BDE8CC
:108B9800F081000042694AB370B50389C2689C46F7
:108BA80063B9D0E900CE551CB5EB0E041CF8026081
:108BB80038BF2C461CF8045046EA052C067F06F000
:108BC8000306012E22D11FFA8CF64FF6FF75AE422E
:108BD80008BF002B0ED00669B24217D9B3B1466858
:108BE800B61A9E423CBF9C4600220FE000204FF080
:108BF800000C16E0D0E90026C6F101041578012E14
:108C080088BF0124125D45EA022C0022002BD0E91E
:108C1800000308BF0232D31A38BF13461844BDE810
:108C28007040002918BFA1F800C07047B0B582B0E5
:108C380016A000900F206C468DF8040042F62920FB
:108C4800214600F09FF815A00090082542F6242040
:108C580021468DF8045000F095F840F2AC10C2F2AD
:108C68000000009006208DF8040042F627202146D7
:108C780000F088F80BA0009042F6262021468DF8D7
:108C8800045000F07FF802B0B0BD00BF4B4957490F
:108C980020505245434953494F4E0000424C452D00
:108CA800532E3000302E322E302E30002DE9F04F6A
:108CB80087B040F29205C2F2000541F60A000DF1B4
:108CC8001A0900262C462F46ADF81A0001204946FD
:108CD800012209232E6024F8086F47F8046F0095D5
:108CE8004FF0010808F046F942F629212888ADF826
:108CF8001A10A91C4FF00A0A4FF0020B0591012126
:108D08004A462023CDE900B6CDE9026ACDF81080A5
:108D180008F0C0F842F624212888ADF81A1001217D
:108D28004A462023CDE900B6CDE9026A0597CDF879
:108D3800108008F0AFF842F627212888ADF81A10FD
:108D4800A91D059101214A462023CDE900B6CDE9A8
:108D5800026ACDF8108008F09DF842F6262128888E
:108D6800ADF81A1001214A462023CDE900B6CDE915
:108D7800026ACDF81080059408F08CF807B0BDE8B9
:108D8800F08F000042F62422821A90B205281BD8E0
:108D9800D2B22D2323FA02F2D20715D080B582B0C1
:108DA8000AA252F8202040F29200C2F20000128873
:108DB80000880B79D1F800C011460022CDF800C018
:108DC80008F0A4F902B080BD9720704796000020F3
:108DD800940000209A0000209800002094000020B1
:108DE8009400002045F2A870C2F2000000F0ACBC6C
:108DF8007047000013460A460146002003F05CBF96
:108E080080B582B0FFF7F4FF40F2143040F23431FD
:108E18004FF0020CC2F20000C2F200014FF480527F
:108E28000023CDF800C0FFF733FE02B080BD00007C
:108E380070B582B040F21434EFF31086EFF310806F
:108E480072B6C2F200040DF1060520462946FFF766
:108E580037FE20462946FFF79DFE58B186F3108855
:108E6800BDF8061048F63962C0F60002FFF7C2FFE7
:108E780002B070BD40F20D00C2F200000121017085
:108E880086F3108802B070BD7047000010B5044624
:108E980000F008FF41F28451C2F200018861207895
:108EA80062780870A088A37894F803C08880207A34
:108EB8004A70E288C872A07A8B700872002081F824
:108EC80003C0CA80A27A0B18C240013002F0010226
:108ED8000528DA74F6D1A07AC0F340104874A07A55
:108EE800C0F380108874E27A237B94F80DC0A07BCD
:108EF8004A724A7B8B72824281F80CC01EBF48734B
:108F080001208873E07B227CA37CC87343F21C4059
:108F18000A740B5410BD000070470000202000F0B8
:108F2800E7BD00002DE9F047ADF51C7D47F2805004
:108F3800C1F6FF70006840F20838C2F200084FF42A
:108F4800404140F2C824C8E900010020C2F20004F0
:108F5800CDE90A00CDE90800CDE906000020214648
:108F6800E022182304F09AFC0028F7D145F2847017
:108F7800C2F200002146142200F0A0FA616941F211
:108F880078578142C2F2000702D1207C012834D0F0
:108F98000020CDE90A00CDE9080045F24340C5F2BA
:108FA8004F20069043F23100C0F25700079001208D
:108FB8008DF828004FF0FF30ADF829008DF82B0010
:108FC80045F28470C2F2000006A9142200F076FA75
:108FD8000B9000BFD7E90012002004F059FC0028CC
:108FE800F8D106AD00202946E022182304F07AFCC7
:108FF8000028F7D106AE6FCE6FC440F2B41400203B
:10900800C2F200040C90CDE90A00CDE90800CDE9D0
:10901800060000BF002021464FF480721C2304F094
:109028003DFC0028F6D145F28470C2F200002146CA
:10903800182200F043FAA169814203D1207801285F
:109048003DD000BFD7E90012002004F021FC002821
:10905800F8D10020CDE90700CDE90900CDE90B00E2
:109068000120C0F20020069001208DF81C004FF06E
:10907800FF30CDF81D00CDF82100CDF82500CDF842
:1090880029000B9045F2847006ADC2F20000294613
:10909800182200F013FA06AF8ECFDDE90A6C0C90A7
:1090A80084E88E00C4E9046CA06100BF0020294652
:1090B8004FF480721C2304F015FC0028F6D108F048
:1090C800B9FD002840F07F8040F2941044F2E1019D
:1090D800C2F20000C0F24051016000BF04F00CFE73
:1090E8000028FBD145F2543442F63A7147F26842FF
:1090F800C2F2000447F27770C7F22F71C7F2740208
:10910800C0F22E00C4E9002131A1A0604A6AD1E969
:109118000730DFF8BCC0C4E91C02088DD1E9019A08
:10912800D1E90376D1E9055EA4F878000020C4E906
:1091380014C9C4E916A7C4E91865C4F868E0E36669
:1091480084F8E001204604F031FB0028FAD1D8E980
:1091580000010DF25E24C1F30723C9B2020EC0F369
:1091680007478DE8860043F24402C0F30726C5B2DC
:10917800C0F60102204612210396049509F0B8F8BA
:1091880043F2620240F2C82390ADC0F60102C2F277
:10919800000328461E21009409F0AAF840F2111095
:1091A800ADF8180054208DF8210028468995FEF75F
:1091B80002F90790082006AC8DF82802204603F033
:1091C800BDFF0028FAD10DF51C7DBDE8F08700BF72
:1091D8006B697769707265636973696F6E2E667201
:1091E8002F362D62696174686C6F6E2D6C617365C2
:1091F800722D6E6F2D7269736B000000F0B581B02F
:10920800002004F0FDFA0028FAD10020002404F020
:1092180063FB002004F0B6FB41F27855C2F200056A
:10922800C5E900440DF1030400200021224604F0A2
:1092380047FB9DF8036000200121224604F040FB13
:109248009DF8037000200221224604F039FB9DF8A6
:1092580003000F2808BF072F17D0D5E900120020F8
:1092680004F016FB002004F00DFB0020002106226C
:1092780004F04AFB00200121072204F045FB0020EE
:1092880002210F2204F040FB01E0062EE5D1FFF792
:1092980049FE00F027F80DF10201002004F016FB4A
:1092A8009DF8020008B101B0F0BDD5E90012002018
:1092B80004F0EEFA0020002140F2011204F030FB25
:1092C800002001214FF4817204F02AFB00200221C2
:1092D80040F2031204F024FB0020012104F01AFBE1
:1092E80001B0F0BD10B5BEB06846F821FEF74CF8E5
:1092F80040F2D014C2F20004002021464FF4A072BC
:10930800F82304F0CBFA45F28470C2F2000021463B
:10931800F42200F0D3F8D4F8F410814225D06C463A
:109328002046F421FEF730F841F27850C2F20000EE
:10933800D0E90012002004F0ABFA45F28470C2F2C2
:1093480000002146F42200F0B9F83D9000202146A3
:109358004FF4A072F82304F0C5FA40F2D010C2F21C
:1093680000002146F822FDF7E8FF3EB010BD0000DE
:10937800EFF3108072B600BFFEE7000070B582B050
:1093880040F60044C4F60004A4F500604FF4005110
:1093980000F07CFC0138B0FA80F045092046022133
:1093A80000F074FC0138B0FA80F04609204601212B
:1093B80000F06CFC0138B0FA80F0440940F2AC10BF
:1093C800C2F2000003A12A463346009408F0AAFF1F
:1093D80002B070BD25642E25642E256400000000AF
:1093E80040F20830C2F20000D0E9000170470000E6
:1093F80040F2B410C2F200000079704740F2B41095
:10940800C2F200004078704740F2B410C2F2000087
:109418008078704740F2C820C2F200007047000010
:10942800B0B5CB070FD14FF0010C4FF0000EBEF1D5
:10943800000F06D000684161816821F018011143CE
:1094480081606046B0BD1F233BB1013B03F01F04A0
:1094580021FA04F4E407F7D001E04FF0FF334FEAB4
:10946800F205032DDFD84FF0000C4FF0010EDFE8B6
:1094780005F002030E19DAE7102B4FF0000E38BF83
:109488004FF0010E0F2B88BF4FF0010CCFE7082BD0
:109498004FF0000E38BF4FF0010E072B88BF4FF07A
:1094A800010CC4E7072B4FF0000E38BF4FF0010E38
:1094B800062B88BF4FF0010CB9E70000B0B5844611
:1094C80002208CF81D00DCF800E0DCF82000DEF853
:1094D8000830012843F00103CEF8083021D00228D3
:1094E8000BD003282DD1002A4AD0081F50F8041F9A
:1094F800013ACEF80010F9D142E0002350080AD012
:10950800CC18CD5A6488013844EA054403F10403B1
:10951800CEF80040F4D1D0071CBFC85AAEF80000FE
:109528002EE093080FD0CC1E002000BFD4F80350C3
:1095380004342DBA0438013BCEF80050F6D140422D
:1095480002E000201EE0002002F00302DFE802F043
:109558001602040C085C0FE00A18085C517841EA0E
:109568000020AEF8000009E00A18085C517841EACA
:109578000020AEF8000090788EF80000DCF800E0DB
:10958800DEF8000001218CF81D10B0BD002804BFD2
:109598000120704710B50446407F20B9002020778D
:1095A800204600F031F802206077207948B1D4E9EC
:1095B80002122046FFF734FF00281CBF012010BD0F
:1095C80009E0206841F6B751C0F2C14141618168A4
:1095D80021F0180181606079002814BF20694FF0DC
:1095E800FF302168D4E905230861886820F060000D
:1095F80010438860886820F0800018438860012044
:109608006077002010BD0000006843F20001C4F23A
:109618000201884218BF704781B04820C5F6000093
:10962800016841F480510160006800F480500090A6
:10963800009801B07047000042F20400CEF2040026
:10964800016841F0010101607047000042F2040026
:10965800CEF20400016841F0020101607047000089
:10966800002804BF0120704790F82510022929D14D
:1096780080B50168D0E910CE826C0B6823F00E0328
:109688000B60136823F4807313600A6822F00102E8
:109698000A600EF01C02012101FA02F2CCF8042043
:1096A800D0E913325A60426D32B1136823F48073E3
:1096B8001360D0E91623536080F825100021BDE817
:1096C800804002E00421C1630121002280F82420A7
:1096D8000846704790F8251002292ED180B50168F8
:1096E800D0E910CE826C0B6823F00E030B600B6878
:1096F80023F001030B60116821F4807111600EF0F2
:109708001C02012101FA02F2CCF80420D0E913323C
:109718005A60426D32B1136823F480731360D0E944
:109728001623536080F82510816B0022002980F8E9
:10973800242018BF8847002080BD0421C163012070
:1097480070470000C06B7047B0B5D0E910C302681D
:10975800DCF8001003F01C030424D2F800E09C405D
:109768000C4218BF1EF004051BD102249C400C4279
:1097780018BF1EF0020520D1D94009071CD51EF0DC
:10978800080108BFB0BD116821F00E011160012168
:1097980001FA03F2CCF80420C16380F82510416B6C
:1097A80018E01168890603D4116821F004011160DA
:1097B800CCF80440016B91B9B0BD1168890606D494
:1097C800116821F00A011160012180F82510CCF8F8
:1097D8000440C16A0022002980F82420ECD0BDE8AA
:1097E800B040084700284FF0010100F083802DE9C0
:1097F800F04740F2000CC4F2020C02684FF6F8334E
:109808000CF5816ECBF6FD73724538BF03F58063A6
:1098180003EB02044CF6CD43CCF6CC43A4FB03582F
:1098280002F0FC05A5F10805A5FB03390CF58064D9
:109838006FF00305D0E902A607693CBF0024C4F213
:10984800020405EA9805C0E91045022480F825407D
:10985800146847F6F07324EA0303334344693B432F
:1098680086692343C4693343066A2343334343EA7F
:109878000A031360724540F61C02C4F20202134642
:1098880038BF0CF500632B44836402F16403C3649E
:10989800C9F304139940BAF5804F016504BF00234A
:1098A80043604768866C07F03F03013F032F33602E
:1098B800916612D8591E02EB8103002701F00301BB
:1098C800012643F8E47F02F5927706FA01F1C0E930
:1098D8001537C165C2F8281103E00021C0E9151148
:1098E800C16500210122C16380F8252080F8241079
:1098F800BDE8F0470846704790F824C0BCF1010F56
:1099080043D04FF0010C80F824C090F825C0BCF17A
:10991800010F37D12DE9F0414FF0020C80F825C036
:109928004FF0000CC0F83CC0D0F800C000F14C0E5D
:109938009EE83040DCF80060BEF1000F26F001061A
:10994800CCF8006065601CBFD0E916456560D0E9B9
:109958001056846806F01C060127D0F8308007FAF4
:1099680006F66E60CCF80430102C0B4604BF134684
:109978000A46B8F1000FCCF80830CCF80C2006D015
:109988000E210BE0002180F8241002207047DCF83B
:10999800001021F00401CCF800100A21DCF80020A6
:1099A8001143CCF80010806C0168C90303D5016825
:1099B80041F480710160BEF1000F05D0DEF80000AF
:1099C80040F48070CEF80000DCF8000040F00100A0
:1099D800CCF800000020BDE8F0810000002908BF95
:1099E80070472DE9F04F81B041F2000300F1384291
:1099F800C4F6000307274FEAB224984208BF042799
:109A080040F6000E042C38BF4FEAB227C5F6000E08
:109A180000F1200A009700220027002427E000BF59
:109A28000368032505FA02F6334303606FF0030366
:109A380003EA540507F01C085AF805900F2303FAA7
:109A480008F329EA03034AF80530C368B343C3603F
:109A5800436823EA0C0343608368B343836001349B
:109A680031FA04F307F1040702F102023AD00123A4
:109A780003FA04FC1CEA0108F1D0082324F00306C9
:109A8800C4F20103F65807F00C0B0F2303FA0BF985
:109A9800009B06EA090603FA0BF39E42C0D1DEF8E2
:109AA8008030082523EA0803CEF88030DEF88430B9
:109AB800A60823EA0803CEF88430DEF80030C4F2A2
:109AC800010523EA0803CEF80030DEF8043023EA63
:109AD8000803CEF8043055F8263023EA090345F880
:109AE80026309DE701B0BDE8F04F70477047000091
:109AF80040F60C01C5F600010A68024214BF08606E
:109B08007047FFF7F3BF00002DE9F04F82B00E68F1
:109B1800002E00F0B78000F1200241F2000500920B
:109B280000F13843C4F6000507224FEAB327A842DC
:109B380008BF0422042F38BF4FEAB32200230027AE
:109B4800002501920AE000BF0E68013536FA05F2D9
:109B580007F1020703F1040300F09480012202FADE
:109B680005FC16EA0C0EEFD0D1F804A003220AF087
:109B78000309A9F10104012C02FA07F810D8846836
:109B8800D1F80CB024EA08040BFA07F222438260E9
:109B98004268CAF3001422EA0C02AC402243426035
:109BA800B9F1030F1FD0C2688C6822EA0802BC40D2
:109BB8002243B9F1020FC26015D16FF00302009E73
:109BC80002EA550B56F80BC003F01C040F22D1F81B
:109BD80010A002FA04F92CEA090C0AFA04F444EA7F
:109BE8000C0446F80B4002684C6822EA080204F0AC
:109BF8000306BE40324314F4403F0260A4D040F252
:109C0800080825F00302C4F2010852F808C003F05E
:109C18000C040F26A6402CEA060C019E06FA04F452
:109C280044EA0C0642F8086040F60008C5F6000849
:109C3800D8F800C04E684CEA0E04F20258BF2CEA6D
:109C48000E04C8F80040D8F804C0B2024CEA0E046A
:109C580058BF2CEA0E04C8F80440D8F880C0F203B4
:109C68004CEA0E0458BF2CEA0E04C8F88040D8F815
:109C78008420B60342EA0E0458BF22EA0E04C8F84C
:109C8800844061E702B0BDE8F08F00000069084039
:109C980018BF0120704700001823002A08BF282396
:109CA800C150704745F60420C2F2000000687047B2
:109CB80040F25800C2F20000006870477047000088
:109CC80041F20051C5F60001C8680A6882430A607B
:109CD8004860FFF7F3BF000090F84120202A03D125
:109CE80090F84020012A01D102207047242280F8F0
:109CF80041200268136823F001031360136823F4FA
:109D080080531360136819431160116841F0010111
:109D18001160202180F84110002180F840100020B7
:109D28007047000090F84120202A03D190F8402085
:109D3800012A01D102207047242280F841200268BC
:109D4800136823F001031360136823F4706343EA74
:109D580001211160116841F001011160202180F892
:109D68004110002180F8401000207047002804BFEF
:109D78000120704710B5242180F84110016804467D
:109D88000A6822F001020A6000F022FC00206064E8
:109D980084F84100206384F8420084F8400010BD34
:109DA800406C704790F8410070470000002804BFDD
:109DB8000120704710B590F8411031B9002180F8A2
:109DC8004010044600F024FC2046242180F841106D
:109DD80090E80610C4680B6822F0706223F0010353
:109DE8000B600A618A68012C22F400428A604FF4F1
:109DF800044208BF4FF4004242EA0C028A604A68F3
:109E0800022C22F4006208BF02F500624A604A6828
:109E180000F1100442F0007242F400424A60CA683D
:109E280022F40042CA601CCC1A4342EA0422CA60E7
:109E3800D0E907231A430A600A6842F001020A605F
:109E480000212022416480F84120016380F84210FB
:109E5800002010BD2DE9F04F83B004460020029089
:109E680094F84100202807D120688069000403D4B1
:109E780094F84000012803D1022003B0BDE8F08F18
:109E8800012084F84000242084F841000020606408
:109E980048F208001D4660F39F215F1C4FF0100830
:109EA8004FF020090CE020685246C0F81C80C0F82A
:109EB8001C9002985946013002900298504545D2AC
:109EC800E06892462268012808468B4618BF40F48D
:109ED80000605060FFF7E6FE216806468A698969D6
:109EE80002F0200201F0100189180ED02068816963
:109EF800C90618D443E000BF20688169806901F071
:109F0800200100F010004018F0D1002FF4D0FFF726
:109F1800C9FEDDB1801BA842EED917E02068806930
:109F2800800621D5206880698006BCD42046294651
:109F3800324602F0DFFE58BB002FF3D0FFF7B2FE27
:109F4800002DEBD0801BA842ECD9E7E7202084F84D
:109F58004100606C40F0200060640120002184F81A
:109F6800401003B0BDE8F08F606C40F020006064E2
:109F7800202084F84100002084F84200EDE72046C4
:109F8800202100222B460096202502F04DFF18B113
:109F9800012003B0BDE8F08F2068C56184F8415006
:109FA8000020DBE72DE9F04F81B0044690F841002E
:109FB800202807D10A9E4EB10B9F3FB194F840006C
:109FC800012807D1022001B0BDE8F08F4FF40070DE
:109FD80060646DE101209B469146884684F8400004
:109FE800FFF760FE216805468969090428D4222004
:109FF80084F84100402084F84200002060646662D2
:10A0080067852168606349F6000A40464B68CFF6C9
:10A01800004A6FF39F205FFA8BF2804640EA0240C5
:10A0280003EA0A02104400F50050486088690C9E53
:10A0380080073CD4771C28E0206880690004D6D5C6
:10A04800204619212A4602F055FE002840F03081AA
:10A05800FFF728FE401B1A28EED320688069000409
:10A06800EAD5606C40F020006064202084F841004C
:10A07800002084F8420019E120688069800740F1D7
:10A08800088120688069800711D4204631462A4615
:10A0980002F030FE002840F00881002FF1D0FFF7D1
:10A0A80001FE002EE8D0401BB042EAD9E4E7206860
:10A0B800BBF1010F23D04FEA192181628069800723
:10A0C8001CD4771C08E020688069800740F1E18093
:10A0D80020688069800711D4204631462A4602F05C
:10A0E80009FE002840F0E180002FF1D0FFF7DAFDEB
:10A0F800002EE8D0401BB042EAD9E4E720685FFAB6
:10A1080089F181622068806940061CD4771C08E0C8
:10A1180020688069400640F1BC802068806940065C
:10A1280011D4204631462A4602F0E4FD002840F0CA
:10A13800BC80002FF1D0FFF7B5FD002EE8D0401B02
:10A14800B042EAD9E4E7608D40F20009B0F5807FBB
:10A15800C0F2FF19404609D3FF222168228551F831
:10A16800042F09F5105302EA0A020BE0628D2168F8
:10A17800228551F8043FD2B203EA0A0343EA0242B5
:10A1880009F592331A43024300F1007B771C0AF564
:10A19800806A0A6004E02068806940077FF561AF43
:10A1A80020688069400710D4204631462A4602F0CC
:10A1B800A1FD00287CD1002FF2D0FFF773FD002EFF
:10A1C800E9D0401BB042EBD9E5E72068616A406AF4
:10A1D8000870606A218D01306062481E2085618D9B
:10A1E80001396185618DB9B3000405D034E0206878
:10A1F800806900067FF535AF20688069000610D4B5
:10A20800204631462A4602F075FD002850D1002F1D
:10A21800F2D0FFF747FD002EE9D0401BB042EBD942
:10A22800E5E7608DB0F5807F0BD32068FF2121859D
:10A23800416801EA0A0141EA080141EA090141606D
:10A248000AE0608D216820854A68C0B24BEA004068
:10A2580002EA0A0210434860608D0028A0D1204617
:10A2680031462A4602F02EFE10BB20682021C1612B
:10A2780042684EF60003CFF600631A4042600020A1
:10A2880084F8411084F8420084F8400001B0BDE829
:10A29800F08F606C40F020006064202084F841005A
:10A2A800002084F8420084F84000002084F8400030
:10A2B800012001B0BDE8F08F2DE9F04F81B00446D0
:10A2C80090F84100202807D10A9E4EB10B9F3FB15C
:10A2D80094F84000012807D1022001B0BDE8F08FB2
:10A2E8004FF4007060646FE101209B4692468946F6
:10A2F80084F84000FFF7D6FC2168054689690904FF
:10A308002CD4212084F84100402084F84200002009
:10A3180060646662678560634846226849F600485B
:10A328006FF39F205FFA8BF1CFF60048814640EA31
:10A3380001405168A8F580631940084440F08070D6
:10A3480040F40050506090690C9E80073DD4771C03
:10A3580029E000BF206880690004D2D52046192171
:10A368002A4602F0C7FC002840F02E81FFF79AFC2D
:10A37800401B1A28EED3206880690004EAD5606C77
:10A3880040F020006064202084F84100002084F818
:10A39800420017E120688069800740F10681206843
:10A3A8008069800711D4204631462A4602F0A2FC73
:10A3B800002840F00681002FF1D0FFF773FC002E33
:10A3C800E8D0401BB042EAD9E4E72068BBF1010FAE
:10A3D80023D04FEA1A218162806980071CD4771C38
:10A3E80008E020688069800740F1DF802068806984
:10A3F800800711D4204631462A4602F07BFC00280B
:10A4080040F0DF80002FF1D0FFF74CFC002EE8D0A1
:10A41800401BB042EAD9E4E720685FFA8AF181621A
:10A428002068806900061CD4771C08E020688069D1
:10A43800000640F1BA8020688069000611D42046E1
:10A4480031462A4602F056FC002840F0BA80002F18
:10A45800F1D0FFF727FC002EE8D0401BB042EAD924
:10A46800E4E7608DB0F5807F48460AD3FF22216873
:10A47800228551F8042F0023C0F2FF1302EA0802D4
:10A488000BE0628D2168228551F8043FD2B203EABD
:10A49800080343EA02424FF000731A4340F2000BEC
:10A4A800024300F1007A771CC0F2FF1B0A6004E047
:10A4B8002068806980077FF562AF2068806980071F
:10A4C80010D4204631462A4602F014FC00287BD1DD
:10A4D800002FF2D0FFF7E6FB002EE9D0401BB04278
:10A4E800EBD9E5E7616A206811F8012B82626162A5
:10A4F800618D01396185218D01392185628DBAB35C
:10A50800090406D034E02068806900067FF537AF7B
:10A5180020688069000610D4204631462A4602F099
:10A52800E9FB002850D1002FF2D0FFF7BBFB002E2B
:10A53800E9D0401BB042EBD9E5E7608DB0F5807FEC
:10A548000BD32068FF212185416801EA080141EA0F
:10A55800090141EA0B0141600AE0608D216820850C
:10A568004A68C0B24AEA004002EA0802104348605A
:10A57800608D0028A1D1204631462A4602F0A2FC6F
:10A5880010BB20682021C16142684EF60003CFF657
:10A5980000631A404260002084F8411084F84200A9
:10A5A80084F8400001B0BDE8F08F606C40F02000F6
:10A5B8006064202084F84100002084F8420084F878
:10A5C8004000002084F84000012001B0BDE8F08F71
:10A5D800006845F20041C4F20001884218BF704784
:10A5E80010B55820C5F60000016840F2004421F477
:10A5F8000011C4F60004016020464FF40071FFF713
:10A60800EDF920464FF48071BDE81040FFF7E6B938
:10A61800B0B59AB0044600201890CDE91600CDE9EF
:10A62800140068465021FCF7AFFE206845F200414F
:10A63800C4F20001884201D01AB0B0BD4FF44030D6
:10A64800042408906846009400F080F9002818BF98
:10A65800FEF78EFE4C25C5F60005286814A940F0C3
:10A6680002002860286800F00200199019984FF439
:10A6780040701490122015900020CDE9160040F289
:10A688000040C4F600001894FFF73EFAE86840F46A
:10A698000010E860E86800F40010199019981AB0E2
:10A6A800B0BD0000002804BF0120704710B590F825
:10A6B800381019B9044600F02BF8204640F600413E
:10A6C800C5F6000100220A604FF03F124A603F229F
:10A6D8008A600A684AF2457342F001124AF24974E4
:10A6E8000A6000F118010622C0F60003C0F6000453
:10A6F80041F8044F013A41F8183CF9D100210122F0
:10A70800416380F83820BDE81040084670470000D3
:10A718005021C5F60001006801F53B62904218BF60
:10A72800704781B0086840F480100860086800F439
:10A7380080100090009801B070470000704700003A
:10A748007047000040F2570045F60421C2F20000AD
:10A75800C2F2000100780A681044086070470000DF
:10A7680080B544F20000C5F60000016841F480712C
:10A778000160032000F0C8F80F2000F009F8002855
:10A788001CBF012080BD00F02DF8002080BD000016
:10A79800B0B540F25705C2F20005297801B3044666
:10A7A80000F014FC29784FF47A72B2FBF1F1B0FB97
:10A7B800F1F001F0D1F801460F2C4FF001000ED84E
:10A7C800002918BFB0BD4FF0FF302146002200F02D
:10A7D8006FF840F258010020C2F200010C60B0BDD1
:10A7E8000120B0BD80B582B05020C5F600000168D8
:10A7F800002241F4002101600068002100F40020DB
:10A80800019001982E2000F053F82E2002B0BDE8E8
:10A81800804000F029B80000002848BF704700F0C9
:10A828001F01012202FA01F11C2202EAD0004EF2B5
:10A838008022CEF20002815070470000002848BFF5
:10A84800704700F01F01012202FA01F11C2202EAFE
:10A85800D0004EF28012CEF200028150BFF34F8F2B
:10A86800BFF36F8F70470000002848BF704700F0A3
:10A878001F01012202FA01F11C2202EAD0004EF265
:10A888000012CEF20002815070470000002848BF35
:10A89800704700F01F01012202FA01F11C2202EAAE
:10A8A800D0004EF20022CEF2000281507047000024
:10A8B80010B54EF60C5CCEF2000CDCF80030C3F399
:10A8C800022E8EF00704042C28BF0424BEF10303D3
:10A8D8004FF0FF3E0EFA04F438BF0023A14399401D
:10A8E8000EFA03F39A43114300F1604200F00F039C
:10A8F800090102F56442043B6344002848BF03F1A0
:10A908000C02117010BD00004EF60C51CEF2000181
:10A918000A684FF6FF031A4060F30A2242F080608B
:10A9280040F0FD700860704740F20040C5F6000036
:10A93800006800F4C060704740F20040C5F60000AF
:10A94800016841F480710160704700002DE9F0470B
:10A958000446007840F2880A4006C5F6000A03D487
:10A9680000204FF0000870E0206B6FF0010101EB50
:10A97800B05102290DD34FEAB05068B1012822D155
:10A988005AF87C0C4FF0000840F480304AF87C0CF0
:10A998004DE04FF000084AE04FF0B046306820F034
:10A9A80080603060FFF77EF9054600BF3068070118
:10A9B8000CD5FFF777F9401B0328F7D34FF00308AE
:10A9C800002F07D533E04FF0010830E04FF00008C2
:10A9D800002F2CD45AF8780CD4E9011220F4FE4048
:10A9E80040EA01204AF8780C5AF8780C4FF0B04643
:10A9F80020F4781010434AF8780C306840F08060F2
:10AA08003060FFF74FF905463068000106D4FFF7BC
:10AA180049F9401B0328F7D34FF00308B8F1000F9A
:10AA280005D160695AF8781C08434AF8780CB8F1DF
:10AA3800000F01D0404608E0206BDAF8001021F43E
:10AA480040010843CAF800000020617809073BD597
:10AA5800DAF80800216C00F440758D4233D0FFF716
:10AA68006BFF45B3DAF80800DAF8081020F44070F4
:10AA780041F48031CAF80810DAF8081021F480315E
:10AA8800CAF80810216C0843CAF80800DAF8080068
:10AA9800C00718D0FFF706F9054641F2893600BF0E
:10AAA800DAF8080080070ED4FFF7FCF8401BB04224
:10AAB800F6D3032008E0206CDAF8081021F440717E
:10AAC8000843CAF8080040462168CA070CD18A071B
:10AAD80014D4CA061CD48A0628D44A0734D40A07D0
:10AAE80042D4C90550D4B3E0A269DAF8003023F0A3
:10AAF80003031A43CAF800208A07EAD5E269DAF89C
:10AB0800003023F440631A43CAF80020CA06E2D58D
:10AB1800A26ADAF800304FF6FF7767EA02073B408F
:10AB280043EA0242CAF800208A06D6D5E26ADAF871
:10AB380000304FF6FF7767EA02073B4043EA0242DC
:10AB4800CAF800204A07CAD5226ADAF800306FF43A
:10AB58007F2767EA12173B4002F47F4243EA02125A
:10AB6800CAF800200A07BCD5626ADAF800306FF428
:10AB78007F2767EA12173B4002F47F4243EA02123A
:10AB8800CAF80020C90563D5616BDAF80020B1F175
:10AB9800806F22F0406242EA0102CAF8002009D020
:10ABA800B1F1006F54D15AF87C1C41F080714AF819
:10ABB8007C1C4DE04FF0B0468046306820F0806045
:10ABC8003060FFF76FF80546306807010AD5FFF7D0
:10ABD80069F8401B0328F7D34FF00309002F05D568
:10ABE800404631E04FF00009002FF9D45AF8780CAC
:10ABF800616820F4FE4040EA0120E2684AF8780CD7
:10AC08005AF8780C4FF0B04620F0606010434AF8CC
:10AC1800780C306840F080603060FFF743F80546F4
:10AC28003068000106D4FFF73DF8401B0328F7D32E
:10AC38004FF00309B9F1000F404605D161695AF890
:10AC4800782C11434AF8781CB9F1000F18BF484610
:10AC580021688A0527D5A26B6FF04043B2F1004FF7
:10AC68000FD072B1B2F1804F17460BD0DAF800302E
:10AC780022F0805723F04043CAF800306FF0406359
:10AC880000E01746DAF80060B2F1C05F03EA060395
:10AC980043EA0703CAF8003005D15AF87C2C42F081
:10ACA80080724AF87C2C490564D5E16BDAF80020FB
:10ACB800B1F1805F22F0405242EA0102CAF8002056
:10ACC80009D0B1F1005F55D15AF87C1C41F48031AC
:10ACD8004AF87C1C4EE04FF0B0468046306820F0C1
:10ACE80080603060FEF7DEFF054600BF3068070170
:10ACF8000AD5FEF7D7FF401B0328F7D34FF0030907
:10AD0800002F05D5404631E04FF00009002FF9D457
:10AD18005AF8780C616820F4FE4040EA0120226964
:10AD28004AF8780C5AF8780C4FF0B04620F060409A
:10AD380010434AF8780C306840F080603060FEF7C5
:10AD4800B1FF05463068000106D4FEF7ABFF401B93
:10AD58000328F7D34FF00309B9F1000F404605D196
:10AD680061695AF8782C11434AF8781CB9F1000F38
:10AD780018BF48462168CA0407D5626CDAF80C3057
:10AD880023F440431A43CAF80C20890458BFBDE88D
:10AD9800F087D4E912125AF8643C23F030031A43BE
:10ADA8004AF8642C5AF8642C22F0030211434AF83A
:10ADB800641CBDE8F08700002DE9F04381B000284D
:10ADC80000F0DD8044F20008C5F600080546D8F812
:10ADD80000000C4600F00700814215D9D8F80000A1
:10ADE80020F007002043C8F80000FEF75BFF064686
:10ADF800D8F8000000F00700A04205D0FEF752FF87
:10AE0800801B0228F4D99AE0287808278007C5F61D
:10AE1800000730D4287880063FD42878400651D4DB
:10AE28002878400764D42878000775D42878C007A4
:10AE380040F08980D8F8000000F00700844280F0D4
:10AE48008E80D8F8000020F007002043C8F80000E2
:10AE5800FEF728FF054600BFD8F8000000F00700FD
:10AE6800A04200F07C80FEF71DFF401B02284FF037
:10AE78000300F1D9A3E0A868396821F0F00108437C
:10AE88003860FEF70FFF06463868C003C2D4FEF7E5
:10AE980009FF801B0228F7D951E06869D7F800112B
:10AEA80021F0F0010843C7F80001FEF7FBFE064653
:10AEB800D7F800018003B0D4FEF7F4FE801B022807
:10AEC800F6D93CE0A869D7F8001121F00F0141EA52
:10AED8001010C7F80001FEF7E5FE0646D7F8000196
:10AEE800C0039DD4FEF7DEFE801B0228F6D926E0BB
:10AEF800E868396821F4E06108433860FEF7D2FE5B
:10AF0800064600BF386880033FF58DAFFEF7CAFEDE
:10AF1800801B0228F6D912E02869396821F46051AB
:10AF280041EAC0003860FEF7BDFE064638684003B7
:10AF38003FF57CAFFEF7B6FE801B0228F6D903204A
:10AF480001B0BDE8F08368684FF0B0410968D0B13E
:10AF5800032812D0022835D1890310D515E000F056
:10AF680035F840F24001C2F200010860FEF7A0FE89
:10AF780001B0BDE8F043FFF70BBC890105D40120FF
:10AF880001B0BDE8F0838907F9D5396821F00301DC
:10AF980008433860FEF786FE064641F2883900BF4E
:10AFA8003868696800F00C00B0EB810F3FF442AFDD
:10AFB800FEF778FE801B48454FF00300F0D901B03A
:10AFC800BDE8F0834905DAD5DFE700000C20C5F6B7
:10AFD800000050F8042CC2F3810242F20041C0F292
:10AFE800F401DFE802F0024A111B4FF0B041096892
:10AFF80042F65C6201F0F001B02928BFB02189084F
:10B00800C0F60102515838E04FF0B0421268D2023F
:10B018005CBF44F60001C0F2E8112EE0026802F0BD
:10B028000302022A19D0032A09D14FF0B04212684C
:10B03800D2025CBF44F60001C0F2E8110DE04FF007
:10B04800B041096842F65C6201F0F001B02928BFFE
:10B05800B0218908C0F60102515802680368C2F39A
:10B0680006225143C3F302120132B1FBF2F1026826
:10B07800012303EB5272B1FBF2F150F8040C3C22AD
:10B0880002EA900042F6EC52C0F601021058B1FBF9
:10B09800F0F0704780B5FFF799FF0821C5F6000169
:10B0A800096842F62C62C1F30221C0F6010252F887
:10B0B800211001F01F01C84080BD000080B5FFF7D6
:10B0C80085FF0821C5F60001096842F62C62C1F324
:10B0D800C221C0F6010252F8211001F01F01C84038
:10B0E80080BD00000C21C5F6000151F8042CC2F304
:10B0F800810242F20040C0F2F400DFE802F0024AA6
:10B10800111B4FF0B040006842F65C6100F0F0009F
:10B11800B02828BFB0208008C0F601010858704741
:10B128004FF0B0410968C9025CBF44F60000C0F2A4
:10B13800E81070470A6802F00302022A19D0032AAD
:10B1480009D14FF0B0421268D2025CBF44F6000049
:10B15800C0F2E8100DE04FF0B040006842F65C62C3
:10B1680000F0F000B02828BFB0208008C0F6010227
:10B1780010580A680B68C2F306225043C3F3021240
:10B1880001320968B0FBF2F0012202EB5171B0FB09
:10B19800F1F07047D8B32DE9F0470446007840F243
:10B1A80094098006C5F6000940F1968059F88C0C80
:10B1B80010F00C0159F8880C05D00C292AD100F0A0
:10B1C8000300012826D1E069002859D04FF0B0418A
:10B1D800606A0A6802F0F002B02A28BFB0229042E2
:10B1E8002DD903F021FA00284AD14FF0B042D4E912
:10B1F8000801136823F0F0031943116059F8901CF3
:10B2080021F47F4141EA002049F8900C28E0012010
:10B21800C0B27047E1694FF0B0473868A1B340F059
:10B2280001003860FEF73EFD054600BF386880071C
:10B238003CD4FEF737FD401B0228F7D932E00A68F4
:10B2480022F0F00202430A60216A59F8902C22F495
:10B258007F4242EA012149F8901C03F0E5F978B9E8
:10B26800FFF7B4FE40F25801C2F2000140F240027A
:10B278000968C2F2000210600846FFF789FA30B385
:10B288004FF00108002023E020F001003860FEF7AD
:10B2980009FD05463868800719D5FEF703FD401BF0
:10B2A8000228F7D94FF00308002011E04FF0B04210
:10B2B800D4E90801136823F0F0031943116059F821
:10B2C800901C21F47F4141EA002049F8900C0120AC
:10B2D8000028404600F050822078C00735D059F841
:10B2E8008C0C00F00C0159F8880C082905D00C29A1
:10B2F8000AD100F00300032806D1606808B10120D4
:10B308001FE04FF001081BE04FF0B0476568386850
:10B31800B5F5803F20F4803008BF00F580303860F4
:10B32800FEF7C0FC002D054633D000BF3868800307
:10B33800E5D4FEF7B7FC401B6428F7D94FF00308A3
:10B3480000200028404600F017822078800758D552
:10B3580059F88C0C00F00C0159F8880C042905D018
:10B368000C291ED100F0030002281AD1E068A0B110
:10B37800206959F8901C012621F0FE4141EA00603D
:10B3880049F8900C39E000BFFEF78CFC401B64289C
:10B39800D4D838688003F7D4B1E74FF00108002605
:10B3A8002BE0E1684FF0B047386889B140F480700D
:10B3B8003860FEF777FC054638684005D8D4FEF7B4
:10B3C80071FC401B0228F7D94FF00308002614E04F
:10B3D80020F480703860FEF765FC05464FF0010ADE
:10B3E800386810F480608AEA902606D0FEF75AFC86
:10B3F800401B0228F4D94FF00308002E404600F005
:10B40800BB81216811F0180F00F0A0806269D9F89B
:10B418000000AAB1C90626D440F00100C9F800000E
:10B42800FEF740FC054600BFD9F8000080075DD450
:10B43800FEF738FC401B02284FF00300F4D99BE1CB
:10B4480020F00400C9F80000FEF72CFC054600BFF8
:10B45800D9F80000000733D5FEF724FC401B032869
:10B46800F6D9032088E1800714D4D9F8000040F009
:10B478000100C9F80000FEF715FC0546D9F80000E0
:10B48800800707D4FEF70EFC401B02284FF003008C
:10B49800F4D971E1D9F8000040F00400C9F80000BF
:10B4A800FEF700FC054600BFD9F8000000072FD4BE
:10B4B800FEF7F8FB401B03284FF00300F4D95BE1CB
:10B4C800D9F8000020F00100C9F80000FEF7EAFBF7
:10B4D800054600BFD9F80000800737D5FEF7E2FB24
:10B4E800401B02284FF00300F4D945E1D9F80000C9
:10B4F80020F00400C9F80000D9F80000000725D59D
:10B50800FEF7D0FB401B03284FF00300F4D933E1CA
:10B51800A069D9F8001021F4706141EA0020C9F847
:10B528000000D9F8000020F00100C9F80000FEF77B
:10B53800B9FB0546D9F80000800707D5FEF7B2FB2E
:10B54800401B02284FF00300F4D915E1207840078A
:10B5580051D4207840066DD4E06A002800F083803A
:10B5680059F88C2C59F8881C022802F00C007CD160
:10B57800226B01F00303934240F08B80626B01F071
:10B588007003934240F08580A26BC1F30623934277
:10B5980040F07F80E26B01F47813934279D1226CFA
:10B5A80001F06063934274D1626C01F06041914292
:10B5B8006FD14FF0B0463068800100F1D880306814
:10B5C80040F08070306059F8880C40F0805049F89D
:10B5D800880CFEF767FB0446306810F0007FC0F364
:10B5E800406540F0C580FEF75DFB001B02284FF068
:10B5F8000300F1D9BDE0D9F86C03C00510D4FFF7FA
:10B608009BF9FEF74FFB0546D9F86C03C00507D434
:10B61800FEF748FB401B02284FF00300F4D9ABE0CB
:10B62800A56859F8040C052D63D0012D6AD140F0A6
:10B6380001006FE0A16AD9F80400002945D040F064
:10B648000100C9F80400FEF72DFB0546D9F80400EF
:10B6580080073FF581AFFEF725FB401B02284FF01E
:10B668000300F3D988E0002086E00C282AD04FF0A8
:10B67800B045286820F080702860FEF713FB044668
:10B68800286880016AD5FEF70DFB001B0228F7D950
:10B6980015E00C2816D04FF0B0463068400111D4A0
:10B6A800306820F080703060FEF7FCFA054630689C
:10B6B800800165D5FEF7F6FA401B0228F7D903206A
:10B6C800002556E00120002553E020F00100C9F8CC
:10B6D8000400FEF7E7FA0546D9F8040080077FF56D
:10B6E8003BAFFEF7DFFA401B02284FF00300F3D907
:10B6F80042E040F0040049F8040C59F8040C40F00A
:10B70800010007E020F0010049F8040C59F8040C86
:10B7180020F0040049F8040CFEF7C4FA002D054691
:10B7280041F2883615D000BF59F8040C80073FF560
:10B7380010AFFEF7B7FA401BB0424FF00300F3D941
:10B748001AE000BFFEF7AEFA401BB0424FF003000C
:10B7580012D859F8040C8007F4D4FAE659F8880C82
:10B768004FF6FC71CEF6FE61084049F8880C0125B9
:10B778004046002D18BF0020BDE8F047C0B2704712
:10B7880059F8880C48F28C01C1F2C11104F1300754
:10B7980008408ECFD4E910650843104340EA0320DF
:10B7A80038433043284349F8880C4FF0B046306896
:10B7B80040F08070306059F8880C40F0805049F8AB
:10B7C800880CFEF76FFA0446306810F0007FC0F36B
:10B7D8004065CDD1FEF766FA001B0228F4D9032094
:10B7E800C7E70000002804BF0120704770B5044671
:10B7F80090F8210028B9002084F82000204600F0A5
:10B808007BF8022084F8210042F60C00C4F2000004
:10B818000068C00668D42068CA2141625321416289
:10B82800C168490619D44FF0FF31C160FEF73AFAF2
:10B83800054600BF2068C06840060ED4FEF732FAFD
:10B84800401BB0F57A7FF5D92068FF2141620420BA
:10B8580084F821000120002148E094E80F004FF609
:10B86800BF758668CFF68F752E408660266931438E
:10B87800A66985683143294381600361016941EA0A
:10B8880002410161C16821F08001C160C16C21F0F1
:10B898000301C164E1696269C36C11431943C1645E
:10B8A800816889061DD4C16821F0A001C160FEF736
:10B8B800F9F905462068C068860612D4FEF7F2F941
:10B8C800401BB0F57A7FF5D9002E0AD42068FF21F5
:10B8D8004162042084F82100002084F8200001201F
:10B8E80070BD2068FF2141620020012100291CBF92
:10B8F800012184F8211070BD10B596B0044601A846
:10B908005021FBF741FD206842F60001C4F2000116
:10B91800884201D016B010BD4FF4006001904FF47A
:10B928008070119001A8FFF711F8002818BFFDF7E3
:10B938001FFD5820C5F60000816B41F4004181636A
:10B94800016841F480610160006800F4806015902E
:10B95800159816B010BD0000411E0020B0EB116F05
:10B968001CBF012070474EF21002CEF20002516057
:10B978004EF62351CEF20001F0230B7007219060A0
:10B988001160704790F88410012904BF02207047A5
:10B998002421C0F8881001680A680B6822F0005258
:10B9A80023F001030B60002343660A602021C0F8DE
:10B9B800881080F8843000207047000090F88410C8
:10B9C800012904BF0220704780B52421C0F88810DF
:10B9D800016843F2140C0A680B6842F0005223F025
:10B9E80001030B604FF0005343660A608A68896858
:10B9F800C0F6010C490F43F21C0E1CF80130C0F6CA
:10BA0800010E1EF80110DB00B3FBF1F1C2F3426234
:10BA1800A0F86A101CF802101EF80220C900B1FB39
:10BA2800F2F1A0F868102021C0F88810002180F8F1
:10BA38008410002080BD000070470000704700009F
:10BA480090F88420012A04BF02207047B0B5012372
:10BA5800242280F88430C0F888200268D0F864E096
:10BA6800D2F800C01468BEF1000F24F0010414607D
:10BA7800946824F0606441EA040191601BD09168E5
:10BA8800936843F2140E5B0FC0F6010E43F21C05D7
:10BA98001EF80340C0F60105EB5CE400B4FBF3F3C9
:10BAA800C1F34261A0F86A301EF80130695CDB001E
:10BAB800B3FBF1F301E0A0F86A302021A0F8683068
:10BAC800C2F800C0C0F88810002180F88410002057
:10BAD800B0BD000090F88420012A04BF02207047FE
:10BAE800B0B50123242280F88430C0F88820026889
:10BAF800D0F864E0D2F800C01468BEF1000F24F05A
:10BB080001041460946824F0604441EA04019160DF
:10BB18001BD09168936843F2140E5B0FC0F6010EB8
:10BB280043F21C051EF80340C0F60105EB5CE40077
:10BB3800B4FBF3F3C1F34261A0F86A301EF8013098
:10BB4800695CDB00B3FBF1F301E0A0F86A30202167
:10BB5800A0F86830C2F800C0C0F88810002180F84A
:10BB680084100020B0BD000070470000704700003E
:10BB780010B50446206850E8000F216820F4F070E2
:10BB880041E80002002AF5D14FF6FE70CEF67F702C
:10BB9800216851E8021F2268014042E80213002B85
:10BBA800F6D1E06E012809D1206850E8000F21681D
:10BBB80020F0100041E80002002AF5D120688068D2
:10BBC800000615D5206850E8020F216820F0800093
:10BBD80041E80202002AF5D1E06F48B100218163F3
:10BBE800FDF73EFD20B1E06FFDF7ACFD20281BD02E
:10BBF8002068806840061CD5206850E8020F21683C
:10BC080020F0400041E80202002AF5D1D4F8800073
:10BC180078B100218163FDF723FD50B1D4F880008D
:10BC2800FDF790FD202804D103201021C4F89010BE
:10BC380010BD0021A4F85610A4F85E10626E2068AA
:10BC48000F23B2F1005F036203D1826942F0100250
:10BC58008261826942F0080282612020C4F888006B
:10BC6800C4F88C000020E166C4F8901010BD0000F4
:10BC780010B50446FFF77CFF44F6A911C2F2000193
:10BC880020461422BDE8104000F0C0BA70B5046820
:10BC980040F62F03E2692168A6681340202B05D1DE
:10BCA80001F0200306F080555B1938D140F60F03E8
:10BCB80013400CD00123C1F2000306EA030C40F242
:10BCC8002013C0F200430B4013EB0C032DD1C36EBD
:10BCD800D50616D5012B14D111F0100311D010215F
:10BCE8002162A168490600F1FC80B0F85C10B0F848
:10BCF8005E20B0F85E30002B18BF914240F05B81A7
:10BD080070BDD30240F1CB8016F4800300F0C780E9
:10BD18004FF480112162BDE87040FFF727BF416FE3
:10BD28000029EDD0BDE870400847D30718BF11F4CB
:10BD3800807307D001232362D0F8903043F00103C9
:10BD4800C0F89030930706F0010E0AD5BEF1000F37
:10BD580007D002232362D0F8903043F00403C0F8E0
:10BD6800903053070AD5BEF1000F07D00423236291
:10BD7800D0F8903043F00203C0F8903013070CD588
:10BD880001F0200353EA0C0307D008232362D0F8FC
:10BD9800903043F00803C0F8903013050BD511F02C
:10BDA800806308D04FF400632362D0F8903043F0EA
:10BDB8002003C0F89030D0F89030002BA0D0920625
:10BDC8000AD501F0200106F08052891804D0416F8D
:10BDD80011B10446884720460168D0F89020896848
:10BDE80002F0280201F04001891807D10446FFF744
:10BDF8003FFF0020C4F8900070BD00BF016851E803
:10BE0800001F026821F4907142E80013002BF5D15D
:10BE18004FF6FE71CEF6FF71026852E8022F0368F2
:10BE28000A4043E80226002EF6D1C16E012909D145
:10BE3800016851E8001F026821F0100142E8001370
:10BE4800002BF5D12021C0F88C100021C1660268B2
:10BE580041679168490640F1A18000BF016851E837
:10BE6800021F026821F0400142E80213002BF5D1BD
:10BE7800D0F88010002900F091804FF6C532C0F646
:10BE88000002044608468A63FDF724FC00283FF4B4
:10BE980037AFD4F88000816BBDE8704008471306BF
:10BEA80006D501F0800306F400069B1940F0B38024
:10BEB800530677D511F0400374D000BF016851E8EC
:10BEC800001F026821F0400142E80013002BF5D161
:10BED8002021C0F8881000218167BDE8704000F07B
:10BEE800B1BAD0F880100A6851688BB2002B4AD0DA
:10BEF800B0F85C60B34246D2A0F85E1011688906BB
:10BF080035D400BF016851E8001F026821F4807130
:10BF180042E80013002BF5D1016851E8021F0268BE
:10BF280021F0010142E80213002BF5D1016851E824
:10BF3800021F026821F0400142E80213002BF5D1EC
:10BF48002021C0F88C100021C16600BF016851E8AB
:10BF5800001F026821F0100142E80013002BF5D100
:10BF6800D0F8801004460846FDF77AFB20460221E7
:10BF78000167B0F85C10B0F85E20891A89B2BDE894
:10BF88007040FFF759BDB0F85C1099427FF4B8AE25
:10BF9800126892067FF5B4AE022237E0BDE8704021
:10BFA800FFF766BE13023DD511F080433AD0BDE8D5
:10BFB8007040FFF7D9BD891A026852E8002F03685C
:10BFC80022F4907243E80026002EF5D14FF6FE7257
:10BFD800CEF6FF72036853E8023F0668134046E84E
:10BFE8000235002DF6D12022C0F88C200022C2662E
:10BFF800426700BF026852E8002F036822F010026F
:10C0080043E80026002EF5D1022289B20267BDE876
:10C018007040FFF711BD816F00293FF471AEBDE894
:10C0280070400847D2017FF56BAEB1F1FF3FC8BF42
:10C0380070BDBDE87040FFF701BD000010B5D0B17C
:10C048000446D0F8880028B9002084F884002046E7
:10C0580000F026F82420C4F888002068A16A026845
:10C0680022F00102026011B1204603F0D3FC204601
:10C0780004F0CEF808B1012010BD2168486820F40A
:10C0880090404860886820F02A008860086840F07E
:10C09800010220460A60BDE8104003F02FBD0000F1
:10C0A800F0B59BB00446002501A850211995CDE9AB
:10C0B8001755CDE91555FBF767F9206843F60001D8
:10C0C800C4F2010188424BD048F20001C4F20001D9
:10C0D800884240F098800225002601A8019508961C
:10C0E800FEF734FC002818BFFDF742F94C20C5F6CE
:10C0F8000000016915AC41F00101016101690827DF
:10C1080001F001011A911A99016841F001010160D9
:10C11800016801F001011A911A99016841F00401BE
:10C128000160006815A900F004001A901A9804200C
:10C1380061C14FF09040214618961997FDF7E4FC2D
:10C14800012015A961C140F20040C4F6000000F5C5
:10C1580080602146CDE91867FDF7D6FC25244AE022
:10C168000120019001A80795FEF7F0FB002818BFF1
:10C17800FDF7FEF84C20C5F600004169002641F4A1
:10C1880080414161416901F480411A911A9901681D
:10C1980041F002010160006815A900F002001A9040
:10C1A8001A98C0201590022016900720199040F286
:10C1B8000040C4F60000CDE91766FDF7A5FC45F27E
:10C1C800A87540F24440C2F20005C4F202000F21F3
:10C1D8001022802385E847002846C5E90436C5E9CA
:10C1E80006662E62FDF7FEFA002818BFFDF7C0F8B4
:10C1F800E567AC622424204600210022FEF758FBA4
:10C208002046FEF731FB1BB0F0BD0000D0F88C30A3
:10C21800202B1CBF0220704700294FF0010318BFD4
:10C22800002A01D11846704780B50023C366D0F8AC
:10C2380000C048F20003C4F200039C4510D0DCF8AB
:10C2480004301B020CD500BF036853E800CFD0F8B8
:10C2580000E04CF080634EE8003CBCF1000FF3D1E5
:10C2680004F0F8F80023BDE8804018467047000045
:10C27800B0B544F6A915C2F20005044628461421B3
:10C2880005F0EAF8204629461422BDE8B040FFF739
:10C29800BDBF00002DE9F04381B00446D0F8880006
:10C2A800202809D1884600294FF0010018BF002A2C
:10C2B80006D101B0BDE8F083022001B0BDE8F083EB
:10C2C8000020C4F8900021201D46C4F888001646B6
:10C2D800FDF7E8FCA4F85460A4F85660A168064687
:10C2E800B1F5805F02D12069002852D0C1464FF0D5
:10C2F8000008B4F8560060B36F1C0FE0B9F1000FE6
:10C308001ED019F8010B21688862B4F8560001386C
:10C31800A4F85600B4F85600D8B100BF2068C06928
:10C328000006EBD4002FF9D0FDF7BCFC01464FF016
:10C33800030045B3891BA94225D820680068EDE7AA
:10C3480038F8020B21686FF35F2088624FF000090C
:10C35800DBE72068C069400614D46F1C04E000BF06
:10C368002068C06940060DD4002FF9D0FDF79AFC6B
:10C3780001464FF0030035B1891BA94203D8206854
:10C388000068EDE700202021C4F8881001B0BDE85E
:10C39800F0834FF00009ACE7D0F88830202B09D1A2
:10C3A800944600294FF0010218BFBCF1000F04D1D8
:10C3B80010467047022210467047B0B5002221236C
:10C3C8000165A0F854C0A0F856C0C0F89020C0F885
:10C3D8008830C36F13B34FF6D535C0F600054FF656
:10C3E8009D444FF6DD4E5D630568C0F60004C0F657
:10C3F800000EC3E90B4E9A6305F12802044618465D
:10C408006346FDF779FA0146204639B11021C0F894
:10C4180090102021C0F8881001220EE00168402207
:10C428000A6200BF016851E8021F026841F08001FA
:10C4380042E80213002BF5D10022BDE8B0401046B7
:10C4480070470000006843F60001C4F20101884209
:10C4580018BF704740F2EC20C2F20000006800B13B
:10C4680000477047704700007047000070470000A1
:10C47800FDF726BC7047000040F20810C2F2000029
:10C488000068004740F60440C5F60000016821F046
:10C49800010101607047000070B582B040F2C4101D
:10C4A800C2F2030000F06EFDA0B940F2C41440F2DD
:10C4B8000C16C2F2030401ADC2F20006204629465A
:10C4C80000F06EFD019831688847204600F05AFD5B
:10C4D8000028F3D002B070BD40F60840C5F6000051
:10C4E8004FF480310160704781B040F25010C5F6BA
:10C4F8000000016841F480110160016801F48011B5
:10C5080000910099D0F8D01641F40071C0F8D01607
:10C5180040F6D401C5F600010A6842F400720A60C8
:10C5280040BF20BFD0F8BC1241F40041C0F8BC1293
:10C5380001B0704780B582B04FF2504040F60041DC
:10C54800CFF6FF70C5F600010A5842F480120A506F
:10C55800085800F4801001900198086840F0010024
:10C568000860086840F4803008602C20FEF77CF9E9
:10C578002D2002B0BDE88040FEF776B910B540F630
:10C588000444C5F60004A168090704D480474FF4A1
:10C598000020606010BD40F2E821C2F2000108608E
:10C5A800206820F40020206010BD000010B540F67F
:10C5B8000444C5F60004A069800706D520688007F2
:10C5C80003D400F027F8022013E0A069C00706D0C2
:10C5D8002068C00703D1FFF75FFF012009E0A069C9
:10C5E800000707D52068000748BF10BD00F048F8CD
:10C5F8000820606010BD000040F20000C2F2030095
:10C60800C16845F2A021C2F200010968C06800684B
:10C618000847000070B582B040F2CC10C2F20300A7
:10C6280000F0B0FCA0B940F2CC1445F2A426C2F246
:10C63800030401ADC2F200062046294600F0B0FC12
:10C64800316801988847204600F09CFC0028F3D008
:10C6580002B070BD40F60440C5F60000016821F044
:10C66800020101607047000040F60440C5F6000072
:10C678004FF400314160016821F4003101607047D6
:10C68800B0B582B040F2DC10C2F2030000F07AFCD0
:10C6980080B940F2DC14C2F2030401AD20462946F9
:10C6A80000F07EFC019803F06FF9204600F06AFC68
:10C6B8000028F3D002B0B0BD40F60440C5F6000033
:10C6C800016821F0080101607047000010B540F6CC
:10C6D8000444C5F60004A06880075CBF20685FEAD0
:10C6E800803015D5A06800075CBF20685FEA00307D
:10C6F80016D5A06880065ABF20685FEA802010BD62
:10C70800206840F400102060BDE81040FFF7B4BE78
:10C71800206840F400302060BDE81040FFF76CBF8F
:10C72800206840F40020206040F2E820C2F20000B7
:10C73800006880474FF40020606010BDF0B545F2F6
:10C74800C86EEFF3108CEFF3108572B6C2F2000ECC
:10C758000EF10C05002400BF15F8186BAEB10134BA
:10C76800062CF9D106250624062D11D004EB440425
:10C778000EEBC406012737738CF310883061002054
:10C7880072734EF834300D70F0BDE5B2062DEDD160
:10C798008CF310880120F0BD2DE9F04145F62C18E6
:10C7A800C2F20008D8F80010CA224A6253224A622C
:10C7B80042F60802C4F20002136845F2C46443F06A
:10C7C800200313601368C2F2000403F00703C3F1E7
:10C7D80004032370946840F2F305C4F3064401345B
:10C7E800C2F200052C70956845F2B4276FF3DF3567
:10C7F8006E1CC2F200073E804FF6C067CFF6FF7787
:10C8080015FB0477DBB227FA03F34FF6FE77BB423A
:10C8180040F2103740F60002C2F20007C5F60002E7
:10C8280088BF4FF0FF333B80136843F40023136045
:10C83800D2F8803043F40023C2F8803030B1C868A1
:10C84800400539D50320FEF721F835E045F2C560EB
:10C85800C2F200000123037045F29C20C2F20000DE
:10C868004FF0FF33036045F2C8636FF01700C2F260
:10C87800000300241F181830782887F82440F9D1BD
:10C8880040F2A610C2F2000006230370886820F464
:10C8980080608860C86860F4906020F48060C86038
:10C8A8004FF40020D0600320FDF7B6FFD8F8000051
:10C8B800816841F480418160D8F80000FF2141621D
:10C8C800032003210022FDF7F3FF0320BDE8F04118
:10C8D800FDF7CABF104700002DE9F04145F62C17B7
:10C8E800C2F20007EFF31085EFF3108072B63B68D1
:10C8F800CA20586253205862986845F2C86220F4EA
:10C908008060986040F2A610C2F200000478C2F27B
:10C91800000204EB440102EBC1010E7B022E17D189
:10C9280045F2C563C2F20003D1F800800E691B7896
:10C938000BB34B7B012B23D103789C4226D1027881
:10C9480041F28053C2F200031A704A7D027033E04C
:10C95800D8684007FCD5D8684FF4002160F490608F
:10C9680020F48060D86040F60C00C5F60000016035
:10C9780085F3108833E001F0D9FE85F310882EE0A6
:10C9880085F31088204600F00FF91EE00B7D91F822
:10C9980015C091F815E003EB430302EBC303BCF1A8
:10C9A800060F83F815E007D091F814E00CEB4C0360
:10C9B80002EBC30282F814E001220A73007885F3BF
:10C9C80010884968204600F00FF83868CA2141628B
:10C9D80053214162304621464246FFF77BFF3868C3
:10C9E800FF214162BDE8F0812DE9F04381B045F2B5
:10C9F800C866044600EB4000C2F2000606EBC0071A
:10CA0800387B0D46022802D1204600F0CDF8EFF31E
:10CA18001089EFF3108072B60320FDF70FFF45F67B
:10CA28002C18C2F20008D8F80000CA21416253212C
:10CA38004162022040F2A61E3873BD607D60C2F2DA
:10CA4800000E9EF8000041F2805C0628C2F2000C3D
:10CA580010D19EF800004FF0FF318CF8000006203E
:10CA68008EF80040787545F29C20C2F20000016003
:10CA780000227FE045F29C22C2F2000210680130D9
:10CA880017D042F62803C4F20003186885B200BF25
:10CA9800186881B28D420D46FAD1106888420AD2D0
:10CAA80045F2B420C2F2000000881268401A8118CA
:10CAB80003E000220EE01068411A40F2F300C2F2CF
:10CAC800000045F2C4620078C2F2000212784843BE
:10CAD80020FA02F2B86810FA82F0B860BD689EF8D1
:10CAE800000000EB400006EBC0008068A8420DD9AA
:10CAF8009EF800109EF80000814227D101EB41000A
:10CB080006EBC00000F1140379752CE040F2A6137F
:10CB1800C2F20003197801EB410006EBC00313F8D9
:10CB2800150F062806D000EB400006EBC000806811
:10CB3800A842EFD91D78062D1EBF05EB450006EB70
:10CB4800C00004757D7539751C7013E001EB410058
:10CB580006EBC00313F8140F00EB400506EBC50500
:10CB68006C75797538751C709EF800008CF800009B
:10CB78008EF800409EF800009CF80010814204D115
:10CB8800B86891B2401AB86001E001F0CFFDD8F85A
:10CB98000000FF2141620320FDF766FE89F310883B
:10CBA80001B0BDE8F08300002DE9F04381B00446F0
:10CBB800EFF31089EFF3108072B60320FDF73EFE05
:10CBC80045F62C18C2F20008D8F80000CA214162C4
:10CBD800532145F2C866416204EB4401C2F20006E3
:10CBE80006EBC103194611F80C2F022A58D140F25E
:10CBF800A612C2F20002177841F2805CBC42C2F26F
:10CC0800000C05D117788CF800705B7D13700FE06D
:10CC18001F7D5C7D5D7D07EB470706EBC707062C8C
:10CC28007D7505D01B7D04EB440706EBC7073B75F4
:10CC380001230B701178062906D145F29C21C2F216
:10CC480000014FF0FF330B601178062922D142F61C
:10CC58000801C4F200010968490502D5C1684907FD
:10CC6800FCD4816821F48061816000BFC1684907F4
:10CC7800FCD5C16861F4906121F48061C16040F61F
:10CC88000C00C5F600004FF4002101600320FDF7F9
:10CC9800C3FD05E09CF80000884218BF01F046FD7E
:10CCA800D8F80000FF2141620320FDF7DDFD89F37C
:10CCB800108801B0BDE8F08310B5002400284FF0BB
:10CCC80000000FD140F2EC20C2F20000036045F6EC
:10CCD800501043F60003C2F20000C4F201030360DF
:10CCE800FFF75AFB042838BF0446204610BD000051
:10CCF800FEE700002DE9F04381B0044600681646BF
:10CD08008369DA0602D40021002048E00D4610218C
:10CD1800C16120688169890634D4002705F10109B9
:10CD28004FF0000808E048F02008012720688169D2
:10CD380001F02001394328D1B9F1000FF6D0FCF7F2
:10CD4800B1FF15B1801BA842F0D92068426894F859
:10CD5800421083691B040BD512F4804208D12029A4
:10CD680006D0416841F480414160FCF79BFF0646CC
:10CD7800206880698006D9D4FCF794FF801B1A28A4
:10CD8800F6D3D0E70122042104E0B7FA87F14A0973
:10CD980048F00401002A1CBF2022C2610120226839
:10CDA8009369DF0507D45F050DD49B0513D4D0B96B
:10CDB80001B0BDE8F0834FF4807041F00101D0610B
:10CDC80001205F05F1D54FF4806041F00801D06182
:10CDD80001209B05EBD54FF4007041F00201D061B2
:10CDE80001200028E4D093699B0744BF0023936285
:10CDF8009369DB0703D1936943F001039361536897
:10CE08004EF60007CFF600673B405360626C114353
:10CE18006164202184F84110002184F8421084F8CC
:10CE2800401001B0BDE8F0832DE9F04381B004461D
:10CE3800006880690840401AB0FA80F040098242D0
:10CE48002CD1DDF8208015460E461F4603F1010956
:10CE580012E000BF206880693040801BB0FA80F083
:10CE6800400985421ED0206880693040801BB0FA96
:10CE780080F04009854211D1204639464246FFF7E5
:10CE880039FFD8B9B9F1000FEDD0FCF70BFF002F2F
:10CE9800E0D0A0EB0800B842E5D9DBE7002001B0FC
:10CEA800BDE8F083606C40F020006064202084F8C6
:10CEB8004100002084F8420084F84000012001B0BD
:10CEC800BDE8F08370B5044600688069800619D40F
:10CED80015460E4608E000BF20688069800615D513
:10CEE8002068806980060DD4204631462A46FFF71F
:10CEF80001FF48B9FCF7D6FE002EEDD0401BB0422A
:10CF0800EED9E9E7002070BD012070BD606C40F0EB
:10CF180020006064202084F84100002084F842004A
:10CF280084F84000012070BD70470000FFF73EBB49
:10CF3800FFF7CCBB7047000045F69800C2F200002E
:10CF4800FEF7A4BE0060406070470000EFF3108257
:10CF5800EFF3108372B6036848600B6001600B68DA
:10CF6800596082F310887047EFF31082EFF3108353
:10CF780072B6436808604B6041604B68196082F381
:10CF880010887047EFF31081EFF3108272B60268D1
:10CF980081F31088101AB0FA80F040097047000039
:10CFA800EFF3108CEFF3108372B603680B60006820
:10CFB800EFF31081EFF3108372B6036842681360D1
:10CFC8000068426081F310888CF310887047000075
:10CFD8007047000080B544F21000C5F600004FF419
:10CFE80000410160002000F02DFF002808BF80BD2F
:10CFF8009C214CF6FE22C5F60001CCF6FE22807973
:10D008000A600A6822F47C5242EA0020086080BD67
:10D0180010B588B040F69000C5F6000001680824F5
:10D0280041F05001016042F62400C4F20000CA2118
:10D0380001605321016050F81C1CC5F6000421F062
:10D04800070140F81C1CFF210160206840F40040E3
:10D05800206003F033FBD4F87804042161F3020064
:10D0680045F62C11C4F87804C2F200010020FFF73D
:10D0780093FBFAF781FC02F0E9FB42F21522C0F6B5
:10D0880001024FF48030002103F054FB40F2E41019
:10D09800C2F20300009047F6FD20C0F600000190A0
:10D0A80047F60130C0F60000694605F017F840F26F
:10D0B800F020C2F20300029040F2FC30C2F20300FA
:10D0C800039040F20850C2F20300049040F23C5032
:10D0D800059002A802F002FC02F0B6FB08B010BDF1
:10D0E8004FF0FF3003F062BB70B5044645F20040D4
:10D0F800C4F2000040F62F51C0F260010022012363
:10D1080084E80F002046C4E90422C4E9062222620A
:10D11800FCF74CFE054620460021FCF7DDFD0646DF
:10D1280020460221FCF7FEFD30432843C0B2002808
:10D1380018BF012070BD0000FEE70000F0B5ADF596
:10D148000B7D04460020ADF82A020DF22A2000F0DB
:10D15800F1FB10B10DF50B7DF0BDBDF82A1220785A
:10D1680011B300F07F00207041F24430C2F2000099
:10D1780000F0F4FB0028EDD141F24437C2F2000779
:10D188006D4600BF284639463E4600F063F8BDF8B4
:10D198000812019A9DF80000114442060F44F1D587
:10D1A80000F0BF00307006E041F2443740F08000E4
:10D1B800C2F2000720702078626840F0400121F038
:10D1C8001001B2F5807F38BF40F0500121703970EE
:10D1D800607878702078C00608D4E079B870E08864
:10D1E800F8706068010A781D397100E0B81C616840
:10D1F800054605F8011B2178090702D5217A851C07
:10D208004170627804F109012846FAF796F8207807
:10D21800617800070D4407D5227A04F58471284601
:10D22800FAF78BF8207A0544D4F80C12626828467D
:10D23800FAF783F86068BDF82A122844C01B08442E
:10D2480041F2443180B2C2F2000100F0B3FB0DF5A7
:10D258000B7DF0BD2DE9F04381B00B7891F801907A
:10D268000C46DF064FF0030158BF062113F0080FE4
:10D2780014BF14F801804FF00008037080F8019083
:10D28800A278002FC3F3C0060CD4E37827791B04D7
:10D2980094F805C043EA026242EA0722624406277C
:10D2A800434601E003273346314449444260E218CB
:10D2B80001EB080500F10901174480F808800646CB
:10D2C800084639464A46FAF738F806F5847007EBF7
:10D2D80009014246FAF731F86019C6F80C023046DF
:10D2E800A6F8085200F004F8002001B0BDE8F08369
:10D2F8002DE9F04F83B00446007800F007000428B9
:10D308005DD002282BD0012866D1657804F1090682
:10D31800D4F80C92ACA130462A46FAF753F8002804
:10D3280065D0AAA130462A46FAF74CF8002800F042
:10D33800D680A7A130462A46FAF744F8002800F01C
:10D34800D980A4A130462A46FAF73CF828B1A2A110
:10D3580030462A46FAF736F8C0BB0920E4E065787B
:10D3680004F109067BA130462A46FAF72BF8D0B318
:10D378007BA130462A46FAF725F8A0B37CA13046AF
:10D388002A46FAF71FF870B37DA130462A46FAF705
:10D3980019F8002800F0B08082A130462A46FAF732
:10D3A80011F8002800F0BD8043F62971C0F601018C
:10D3B80030462A46FAF706F840B90D20B4E06278FC
:10D3C80004F109005BA1F9F7FDFF70B1002084F8B2
:10D3D800100203B0BDE8F08F002084F8100201208D
:10D3E80003B0BDE8F08F01209EE00A209CE00620F3
:10D3F80084F8100260684FF0000B029004F5057085
:10D408004FF0000884F824B20194009099F80010B5
:10D4180040F21003CA064FF00300C2F2000358BFDF
:10D42800062011F0080F14BF19F80060002653F801
:10D43800285099F8017029706F7099F80230002A05
:10D44800C1F3C00110D499F8032099F804401204DC
:10D4580099F805C042EA036242EA042262446A601B
:10D468008A1D2E7203E000BF6B602E72CA1C08442E
:10D47800384409EB020400EB060A05F109002146CD
:10D488003A46F9F75AFF05F58470E1193246F9F77B
:10D4980054FF09EB0A00C5F80C022846A5F808A2B3
:10D4A800FFF726FF78B9019991F82402013081F835
:10D4B80024020098B5F8081240F8285068685844C3
:10D4C80000EB010BD944B8F1020F4FF000003FF612
:10D4D80087AF029908F101088B4597D380E799F83F
:10D4E800000058B123283FF671AF062814BF022068
:10D4F800052019E0082017E00B2015E059F8010F66
:10D5080046F67351C3F6732188420CD0D9F800004F
:10D5180046F26751C3F66F2188427FF457AF042063
:10D5280002E00C2000E0032084F81002002003B081
:10D53800BDE8F08F73742E636F6D3A6D3234737279
:10D548005F646973636F766572795F64656D6F6335
:10D5580074726C00746578742F766361726400006D
:10D56800746578742F782D7643617264000000002A
:10D57800746578742F782D766361726400000000FA
:10D588006170706C69636174696F6E2F766E642E5A
:10D59800626C7565746F6F74682E65702E6F6F623C
:10D5A800000000006170706C69636174696F6E2FB0
:10D5B800766E642E626C7565746F6F74682E6C6518
:10D5C8002E6F6F62000000005370000055000000CD
:10D5D8005400000048730000487200002DE9F04F25
:10D5E80081B090460D46834603F0D0FF044620B133
:10D5F8000BF15000F9F7DFFE08E05846F9F7DBFEBB
:10D6080006460BF15000F9F7D6FE3044461C9BF84D
:10D61800E0010BF5F079F8B14846F9F7CCFE00F1D6
:10D62800030A06EB0A0101F10800FF2E88BF01F189
:10D638000B00BAF1FF0F88BF0330B0F5807F0FD31E
:10D6480040F2C1212980010EA970010CE970010A7C
:10D6580029710621052208E000204FF0000A09E0A0
:10D6680040F2D121298003210222A85447F2530015
:10D678006852881C6FF07E02B6F5807F38BF6FF065
:10D688006E022A5499F80010002905EB000104BF26
:10D6980042F040020A700122B6F5807F4A7008D332
:10D6A800320E8A70320CCA70320A0A7106304E7114
:10D6B80001E003308E7029185522871C2A544C70BB
:10D6C80064B95846EC19F9F776FE024620465946E1
:10D6D800F9F733FE5846F9F76EFE07440BF150068A
:10D6E8003046EC19F9F767FE024620463146F9F74D
:10D6F80024FE3046F9F75FFE9BF8E011384469B321
:10D70800BAF5807F05EB00010FD340F241120A8081
:10D718004FEA1A628A704FEA1A42CA704FEA1A220E
:10D728000A71063081F805A005E040F25112033075
:10D738000A8081F802A040F25421C6F6656129509A
:10D74800061D4846AC19F9F736FE024620464946FA
:10D75800F9F7F3FD4846F9F72EFE3044A8F8000023
:10D7680001B0BDE8F08F000000F0F8B8002000F02C
:10D7780035B8000080B584461FFA81FE93B20020B8
:10D788006146724600F08AF8002818BF012080BD63
:10D7980080B584461FFA81FE93B200206146724626
:10D7A80000F0A0F8002818BF012080BD10B582B095
:10D7B80041F244340021C2F20004ADF806100DF124
:10D7C80006022146FFF70AFFBDF80600214602B00F
:10D7D800BDE8104000F0EEB8FCF764BA80B582B03E
:10D7E80041F24450C2F2000001A901F0A5FA9DF8E7
:10D7F8000400BDF8061001300131484302B080BD75
:10D8080010B588B048F28560C0F60000019048F273
:10D818002160C0F60000029048F2A970C0F600002E
:10D82800039048F2C970C0F60000059048F615004C
:10D83800C0F6000004904DF2E170C0F600000690BA
:10D8480041F24450C2F2000001A901F09BFA90B9DC
:10D8580040F22000C2F20000016841F27054C2F2A6
:10D868000004206029B141F24450C2F20000884708
:10D8780028B1002020604FF0FF3008B010BD002014
:10D8880008B010BD41F24450C2F2000001F074B972
:10D8980041F24450C2F2000001F0D4B940F2200035
:10D8A800C2F20000D0F814C0BCF1000F04BF4FF062
:10D8B800FF30704741F24450C2F200006047000058
:10D8C80041F24450C2F2000001F006BA41F244505D
:10D8D800C2F2000001F01CBA41F24450C2F200004A
:10D8E80001F078BA40F22000C2F20000D0F818C067
:10D8F800BCF1000F04BF4FF0FF30704741F24450B5
:10D90800C2F200006047000041F24450C2F2000039
:10D9180001F0B2BB41F24450C2F2000001F0CEBBAC
:10D9280041F2445092B2C2F2000001F0D3BB0000B1
:10D93800FEE7000040F20C01C2F200010978042958
:10D9480084BF01207047DFE801F0030705030300E7
:10D9580000F0EAB800F042B800F09EB840F20C01BE
:10D96800C2F200010978042984BF01207047DFE86A
:10D9780001F003070503030000F08CB900F048B874
:10D9880000F09AB8042884BF01207047014600229D
:10D99800032908BF0C2245F26273042908BF0A2232
:10D9A800C2F200031A8040F20C020020C2F2000208
:10D9B8001170704740F20C02C2F200021278042A79
:10D9C80084BF01207047DFE802F003070503030066
:10D9D80000F030BA00F03AB800F08EB8B0B541F2B5
:10D9E8003435C2F200050446284600211022FFF70C
:10D9F800C1FE00064FF0010008D1E97A002918BFDE
:10DA0800B0BDA88900BA000C20800020B0BD00007D
:10DA1800B0B541F23435C2F200050446284600216B
:10DA28001022FFF7A7FEE97A0843C0B200281CBFFE
:10DA38000120B0BDA889102142BA2046FFF79AFEFE
:10DA4800C0B2002818BF0120B0BD000070B5044660
:10DA5800084610212246FFF79BFE00060BD141F233
:10DA68003435C2F200052846002110220026FFF7AF
:10DA780081FE000601D0012070BD200A28732846C7
:10DA880000211022EE726C73FFF782FEC0B20028EC
:10DA980018BF012070BD000010B500210222044605
:10DAA800FFF768FE2188C0B209BA090C002818BF20
:10DAB8000120218010BD000010B582B004460DF190
:10DAC800060000210222FFF755FEBDF80610C0B27D
:10DAD80009BA0A0C0028ADF8062018BF012001D0A9
:10DAE80002B010BD20460221FFF744FEC0B2002854
:10DAF80018BF012002B010BDB0B582B0044640BACC
:10DB08000D46ADF806000DF1060000210222FFF7D0
:10DB18003FFE010404D1284602212246FFF738FEC1
:10DB280080B202B0B0BD000010B582B0044600F06B
:10DB38001DF808B102B010BD40F29410C2F2000006
:10DB4800C16801A80422FFF715FE000402D00120D5
:10DB580002B010BDBDF806009DF8051000BAFF29F7
:10DB680008BF010C0020218002B010BDF0B583B0C1
:10DB780045F2627740F29415C2F20007C2F200053E
:10DB88000020398801AC287220460422FFF7F2FDF4
:10DB98009DF80610002908BF002805D13988201DE6
:10DBA80004310422FFF7E6FD002818BF012001D048
:10DBB80003B0F0BD9DF80400A0F1E30111F1020FDC
:10DBC80055D39DF8052002F0FC01402901D0102909
:10DBD8004DD19DF8066026B10021E9800421AE7080
:10DBE80007E0BDF80A300021A97019BA0E0CEE80C2
:10DBF80008213B8828709DF8070019446A70E8706E
:10DC080068460422E960FFF7B5FD00284FF00500DB
:10DC1800CED1E968B142CBD26C4600BF9DF8000076
:10DC2800022803DC0138022802D312E0FD280CD1B7
:10DC38009DF80100FF2803D00844811C0AE000BFBA
:10DC4800BDF802000844011D04E0FE280FD0032897
:10DC580010D0013120460422E960FFF78BFD00282F
:10DC68004FF00500A4D1E968B142D7D3A0E7052059
:10DC780003B0F0BD68789DF8011080074FF00300ED
:10DC880008BF0220002908BF01202872002003B025
:10DC9800F0BD0000B0B582B00446FFF767FFF8B9E1
:10DCA80040F29415C2F20005E96801A80422FFF7C2
:10DCB80061FD010414D1BDF806009DF8052001BAE4
:10DCC8000220FF2A04BF04200A0CB2F5007F01D904
:10DCD800032005E0297A012918BF002A03D1002072
:10DCE80080B202B0B0BDE96801442046FFF742FDAA
:10DCF8000028F4D00120F3E7B0B584B040F29415C1
:10DD0800C2F200052888A978ADF8080045F26270CB
:10DD1800C2F20000EA7800888DF80B20021D8DF809
:10DD28000A10EA6031B9E988083009BA090CADF877
:10DD38000E10E86002AC204600210422FFF728FDFF
:10DD48009DF80A10002908BF002804D1201D0421CD
:10DD58000422FFF71DFD002818BF012001D004B0E0
:10DD6800B0BD0320E9688DF807000DF10700012216
:10DD7800FFF70EFD014601200029F0D1E9680020D7
:10DD88008DF8070001310DF107000122FFF700FDB2
:10DD9800002818BF012004B0B0BD0000F0B583B062
:10DDA8000646FE2015460C468DF80700FFF7DEFCF8
:10DDB80040F294176FF00101C2F20007FE2C88BFF1
:10DDC8006FF00301FA680844D1430844A04202D224
:10DDD800022003B0F0BDFFF7C9FEE0B9FF2C8DF8B3
:10DDE800086007D3FF208DF8090060BAADF80A0073
:10DDF800042602E002268DF80940FF6802A8394689
:10DE08003246FFF7C5FC30B93E4428463146224623
:10DE1800FFF7BEFC10B1012003B0F0BD31190DF1C0
:10DE280007000122FFF7B4FC002818BF012003B047
:10DE3800F0BD00000A4601460320FFF7AFBF00000F
:10DE48007047000047F2000CC1F6FF7C0CF57E73AA
:10DE5800DA796345A3F1080102D082420B46F7D173
:10DE68000831824218BF00210846704710B50446A1
:10DE7800F9F763FA204610BD10B51346CAB2194621
:10DE88000446F9F77AFA204610BD000010B54EF2A4
:10DE9800BD32C0F600024FF400600021002402F0F9
:10DEA80049FC4EF2E132C0F600024FF480500021E6
:10DEB80002F040FC4EF20942C0F600024FF4005056
:10DEC800002102F037FC40F26000C2F2000004803A
:10DED80010BD00007047000070B586B00446007899
:10DEE800082800F22A81DFE810F009003200270034
:10DEF80014002A011F0028013D003C0140F2600087
:10DF0800C2F200000121017043F6B350C0F60100CF
:10DF18001CE140F26000C2F200000021417043F6AB
:10DF28005860C0F6010011E140F26000C2F2000042
:10DF38000021817094A009E140F26000C2F2000063
:10DF48000121417043F6EA50C0F60100FEE040F2BC
:10DF58006000C2F200000021017043F62060C0F6A4
:10DF68000100F3E060680178C9B9B0F8011045F222
:10DF78005035C2F20005298001784278837843F64B
:10DF88009550C0F6010004F0A3F945F69800C2F2D6
:10DF98000000294601224FF47A73FEF77BF9606886
:10DFA800017801290ED14078012802D194A004F00B
:10DFB80047FE6068407828B943F61070C0F6010043
:10DFC80004F03EFE6068017807291DD1217A0229F4
:10DFD8001AD30139CAB2002101AD102A28BF102274
:10DFE8008DF81410CDE90311CDE90111411C284623
:10DFF800F9F7A3F9284601F039FB43F61E50C0F69D
:10E008000100294604F064F96068017803290BD1FE
:10E01800407801F0EBFA60680178427843F64B509B
:10E02800C0F6010004F054F96068017804290BD1A6
:10E03800407801F0FBFA60680178427843F66E5048
:10E04800C0F6010004F044F960680178052908D198
:10E05800407801F081FA43F68F60C0F6010004F0C1
:10E06800EFFD60680178062967D14078032813D14D
:10E07800FBF7C4F944F6A815C2F2000528704FF65C
:10E0880041602946012200F0C3F8297843F6DA40B6
:10E09800C0F6010004F01CF960684078042813D128
:10E0A800FBF7B2F944F6A815C2F2000528704FF63E
:10E0B80041602946012200F0ABF8297843F6FA407E
:10E0C800C0F6010004F004F960684078052813D10F
:10E0D800FBF78EF944F6A815C2F2000528704FF632
:10E0E80041602946012200F093F8297843F6C2409E
:10E0F800C0F6010004F0ECF86068407807281CD1ED
:10E10800FBF788F90446F9F756F9C1B2102988BF18
:10E118001020C5B201AE304621462A46F9F70DF95E
:10E128004FF6416031462A4600F072F843F6355002
:10E13800C0F60100214604F0CBF806B070BD40F2ED
:10E148006000C2F20000012181701EA004F078FD79
:10E1580043F65A00C0F6010006B0BDE8704004F06E
:10E16800B7B843F6E560C0F6010004F069FD43F670
:10E178005A00C0F6010004F0ABF860684FF0005197
:10E188000068086002F08EFC2D2D2050325020418E
:10E1980050504C49434154494F4E205345525645DF
:10E1A80052203A204E4F54494649434154494F4E14
:10E1B800205441524745542044495341424C454418
:10E1C8000D0000002D2D20503250204150504C4958
:10E1D800434154494F4E20534552564552203A2008
:10E1E8004E4F54494649434154494F4E2054415299
:10E1F80047455420454E41424C45440D000000001F
:10E208004C656420626C75652073657400000000BD
:10E2180000F2BF1080B2032884BF9220704780B5F7
:10E2280082B08C4608A151F8201040F29C00C2F23E
:10E2380000000088098813460022CDF800C002F0CB
:10E2480065FF02B080BD00BF9E000020A200002034
:10E25800A0000020A40000202DE9F04F8BB04EF262
:10E268003140C0F6000001F0CBF84EF28F50CDF2ED
:10E27800B350079047F62E70C9F64A00089044F646
:10E288002A00CCF67A4009904FF6404040F29C05AF
:10E2980007AC0A90C2F200050220214601220E2393
:10E2A8000095012602F066FE4FF6414029460A9085
:10E2B80031F8020B4EF6195A42F2ED1B44F241595D
:10E2C8000A2300270622CAF6826AC9F64C5BC8F6FA
:10E2D8002269CDE90027CDE90263CDE90461022175
:10E2E80022461423CDF81CA0CDF820B0CDF82490F8
:10E2F80002F0D0FD2A464FF6424132F8060B0A9149
:10E3080014214FF01208039105920221224614238A
:10E31800CDF81CA0CDF820B0CDF82490CDE9008729
:10E328000296049602F0B6FD2A464FF6434132F8AB
:10E33800040B0A9114210391059202212246142309
:10E34800CDF81CA0CDF820B0CDF82490CDE90087F9
:10E358000296049602F09EFD2A464FF6444132F892
:10E36800080B0A91142103910592022122461423D5
:10E37800CDF81CA0CDF820B0CDF82490CDE90087C9
:10E388000296049602F086FD042135F80A0BCDE9C1
:10E3980000170A2142F64C62CDE90317C0F60102C4
:10E3A800022103230296059502F074FD0BB0BDE827
:10E3B800F08F000040F26000C2F20000417829B1FD
:10E3C800811D4FF643601422FFF722BF43F6996080
:10E3D800C0F6010003F07CBF40F26000C2F200000A
:10E3E800017831B100F11A014FF642600D22FFF7B2
:10E3F8000FBF43F69960C0F6010003F069BF000043
:10E4080040F26000C2F20000817831B100F12701CA
:10E418004FF644600422FFF7FBBE43F69960C0F64E
:10E42800010003F055BF00004178FF291FD1B0F863
:10E43800031040F60142914219D1B0B584B040F2C0
:10E448009C04C2F20004E188B0F80720023191422E
:10E458000FD1417B012222EA01018DF800106946A3
:10E4680005460846FFF738FD2846012102E000204E
:10E4780070470021A288B0F8073002329A420DD1C5
:10E48800417B054601F0010181F003018DF8001080
:10E4980069460846FFF720FD284601212389B0F880
:10E4A80007200233934208D1407B0124C00714BFE0
:10E4B800042005208DF8000013E06388013393429F
:10E4C80002D10C46072105E06389013393420ED13E
:10E4D8000C460821C27A0D308DF800108DF80820FE
:10E4E80001906846FFF7F8FC204604B0B0BD084626
:10E4F80004B0B0BD70470000B0B540F2F40141F27D
:10E50800845EC2F20001C2F2000E0D789EF804305B
:10E51800EA1A18BF01229D4218BF0B704D789EF869
:10E5280005309D421CBF4B7001228D789EF8023049
:10E538009D421CBF8B700122CD789EF808309D4209
:10E548001CBFCB7001220D799EF809309D421CBF7B
:10E558000B7101224D799EF80A309D4262D1002A42
:10E5680008BFB0BD43F21C43DEF818201EF8033084
:10E57800C1F806208B729EF803200B7B9EF807508B
:10E588009342CD7218BF0A7343F21D4C1EF80C302B
:10E598000D25886813FB05E5D1E90042097B68620F
:10E5A8009EF8130085F82810591C0128EC612A628E
:10E5B8000EF80C1014D19EF81400012810D19EF802
:10E5C800150001280CD19EF81600012808D19EF8E4
:10E5D8001700012804D144F6A414C2F2000403E091
:10E5E80044F6A614C2F2000420786578FEF7DCFA37
:10E5F800657025B1207805EBC521FEF7F5F940F2E5
:10E60800F400C2F200000D2103F04EFE4FF48050DA
:10E61800012102F0A9F94FF480400221BDE8B04081
:10E6280002F0A2B94B719DE770B56FF0030142F695
:10E638005C6201EA9001C0F601021144B02888BF6B
:10E6480002F12C01086840F20811C5F600010968BA
:10E6580042F6EC5201F00F01C0F6010252F8211007
:10E66800B0FBF1F04DF68361C4F21B31A0FB010150
:10E678008C0CFCF759F9B0F5007F09D100201BA1DB
:10E6880051F8202094420ED901300428F8D108E02E
:10E69800002013A151F82020944204D90130032806
:10E6A800F8D1002502E015A151F8205044F20006E7
:10E6B800C5F60006306820F0070028433060FBF7F5
:10E6C800F1FA0446306800F00700A84206D0FBF7CC
:10E6D800E9FA001B0328F5D3032070BD002070BDA4
:10E6E800060000000C0000001000000012000000EE
:10E6F8002400000036000000400000000000000078
:10E70800010000000200000003000000FEF7E4B86A
:10E7180080B5D0F810C0B0F818E0880458BF4EF0A3
:10E728000C0E1FFA8EF0BDE8804060472DE9F043DB
:10E7380081B042F62804C4F2000454F8200C45F6CF
:10E748002C184005C2F2000805D5D8F8000000BF13
:10E75800C1684907FCD4D8F8000045F2C86281684E
:10E76800C2F2000221F48061816040F2A611C2F277
:10E7780000010B7845F29C2903EB430102EBC10130
:10E78800C2F200098D68D9F8001045F2C46C013155
:10E79800C2F2000C15D021688FB200BF216889B27F
:10E7A8008F420F46FAD1D9F800708F420BD245F24A
:10E7B800B427C2F200073F88D9F80060791A3144BB
:10E7C80004E000210BE0D9F80070791A40F2F30751
:10E7D800C2F200073F789CF800607943F1408FB29D
:10E7E800BD4201D200250DE040F2103EC2F2000EFB
:10E7F800BEF800603E44B54203D9BEF8005000217F
:10E8080001E06D1A012145F2C566C2F20006062B29
:10E8180031700DD003EB430102EBC1018B68BB42A1
:10E8280026BF8B68DB1B00238B604B7D062BF1D149
:10E83800290439D09CF80020A9B2D2B281F0010194
:10E8480082F00102114318BF012100BFC2685207BC
:10E85800FCD5C2686D1A62F4906121F48061C160D0
:10E8680040F60C00C5F600004FF4002101600320BB
:10E87800FBF7D2FF54F8140CC5EA000044F8140C56
:10E88800206880B22168024688B28242FAD1C9F86B
:10E898000000D8F80000816841F480618160AFF31E
:10E8A800008001B0BDE8F083206881B220680A4684
:10E8B80081B28A42FAD10320C9F8001001B0BDE83C
:10E8C800F043FBF7E3BF000041F28450C2F20000BE
:10E8D800C17C49B9017D39B9417D29B9817D19B911
:10E8E800C07D012818BF704780B582B001208DF81F
:10E8F800070045F69800C2F200000DF10701012259
:10E908004FF47A73FDF7C6FC02B0BDE8804070474B
:10E9180080B584B000F10C026B464FF666402E219C
:10E9280003F02CFC9DF80E0004B080BD80B584B0C7
:10E9380002466B464FF67540102103F01FFC9DF808
:10E948000E0004B080BD000080B584B000F10C0258
:10E958006B464FF668400F2103F010FC9DF80E003F
:10E9680004B080BD70B544F23C01C5F600010968E9
:10E978000023C2F2030361F38F031A6845F2B961F9
:10E98800D2F800C0CAF646118C45014609D102F1F9
:10E99800140C02F1180E02F11C0002F10C031032E3
:10E9A80008E01A6802F1100C02F1140E02F11800C6
:10E9B800131D08320668DCF80000DEF80040050E7A
:10E9C8000D70050C4D70050A8D70C5B200F00F0072
:10E9D8000871200E1B684871200C8871200AC871C4
:10E9E800180E12688872180CC872180A0873100E6C
:10E9F8004873100C2D0988730020CD700C724E726C
:10EA0800CA7370BD10B582B000F11C04ADF80610D1
:10EA18000DF10601204600F001FA08B102B010BD60
:10EA28000DF10501204600F033F80028F6D19DF8D5
:10EA380005009DF8071000F0FC0001F003010844F0
:10EA48008DF805000DF10501204600F0EFF902B040
:10EA580010BD0000D0E901C00A4616210123604715
:10EA6800D0E901C00A46052101236047D0E901C069
:10EA78000A46072101236047D0E901C00A46092157
:10EA880001236047D0E901C00A46002101236047FD
:10EA980010B5D0E901C00C46012122460123E04708
:10EAA800002818BF10BD217801F01F01217010BD8A
:10EAB800B0B582B00C46002100F11C0521800DF193
:10EAC80007012846FFF7E4FF08B102B0B0BD9DF882
:10EAD80007000DF1070100F003000002208028461E
:10EAE800FFF7D0FF0028F0D19DF8070021880843E0
:10EAF8002080002002B0B0BDD0E901C00A4617212D
:10EB08000123604710B5D0E901C00C460F21224609
:10EB18000123E047002818BF10BD217801F001014A
:10EB2800217010BDD0E901C00A46142101236047B5
:10EB3800D0E901C00A46152101236047B0B582B06B
:10EB48000446806A002580B904F11C000DF1070114
:10EB5800FFF7D2FF9DF80710523911F1020F38BFA5
:10EB68004FF0FF35002818BF0546002D04BF0120CF
:10EB7800A062284602B0B0BD70B584B000F11C0494
:10EB880000260DF109012046ADF806608DF80460F5
:10EB9800FFF7C8FF90B90DF10A012046FFF7C8FF3B
:10EBA80060B901A92046FFF755FF38B99DF80A005A
:10EBB8009DF8091041EA0020ADF80600BDF80600EE
:10EBC8009DF804100130013148434FF0FF3101EB4B
:10EBD80050150DF10B0120468DF80B6000F006F979
:10EBE80001208DF80C0003A9204600F007F90DF16B
:10EBF8000D0120468DF80D5000F008F9002818BFC7
:10EC080010F1660106D10DF10E0120468DF80E5067
:10EC180000F0F4F8002818BF10F1660106D10DF1D4
:10EC28000F0120468DF80F5000F0E0F86FF06501F5
:10EC3800411A18BF0146084604B070BD028B8368AC
:10EC48001046184770B586B00446002003908DF82A
:10EC580014000490CDE9010009208DF80C0001A8EA
:10EC68000138182321FA03F600F8016F22FA03F598
:10EC7800083B467213F1080605714573F2D1208BE3
:10EC8800E66840F00C0001AA4FF410611123B04768
:10EC9800054690B96069804700F15506A268208B47
:10ECA80001219047616905468847B04201D2002D8D
:10ECB800F4D1002D18BF6FF00205284606B070BDCC
:10ECC80080B58E46018BD0F810C0084611467246B2
:10ECD800BDE88040604700000023022913700ED071
:10ECE800012908D000291CBF4FF0FF3070471C30A5
:10ECF8001146FFF7B5BE1C301146FFF7B7BE1C30F2
:10ED08001146FFF7B9BE00001C30FFF7F5BE000042
:10ED180010B582B00C46002121701C300DF107019E
:10ED2800FFF7F0FE08B102B010BD9DF8071001F022
:10ED38000101217002B010BDB0B582B00C460021AF
:10ED480000F11C0561800DF106012846FFF7EAFE77
:10ED580008B102B0B0BD0DF107012846FFF7E8FE83
:10ED68000028F6D128462146FFF774FE0028F0D186
:10ED78009DF807009DF8061041EA002060800020F9
:10ED880002B0B0BD002804BF4FF0FF30704780B517
:10ED980091E80C50C0F808C0C0E900230B69496924
:10EDA800C0E903E34161A62101834EF2197140F6DF
:10EDB8003523C0F60001C0F60103C0E907314062FF
:10EDC8002AB19047002818BF4FF0FF3080BD4FF0A0
:10EDD800FF3080BD80B582B000218DF807101C304F
:10EDE8000DF1070100F066F802B080BD0A4681689F
:10EDF800D0F800C008460521012360470A4681680B
:10EE0800D0F800C008460721012360470A468168F8
:10EE1800D0F800C008460921012360470A468168E6
:10EE2800D0F800C0084600210123604770B582B0C1
:10EE38000446D0E901500E460DF1070201210123D5
:10EE4800A84708B102B070BD30789DF8071000F0EF
:10EE58001F0001F0E00101442668A0688DF8071042
:10EE68000DF1070201210123B04702B070BD000077
:10EE780070B582B00446D0E901500E460DF1070284
:10EE88000F210123A84708B102B070BD30789DF862
:10EE9800071000F0010001F0FE0101442668A06897
:10EEA8008DF807100DF107020F210123B04702B0BA
:10EEB80070BD000070B582B00446D0E901500E461E
:10EEC8000DF1070242F206010123A84708B102B07A
:10EED80070BD30789DF8071000F0010001F0FE01C8
:10EEE80001442668A0688DF807100DF1070242F268
:10EEF80006010123B04702B070BD000070B582B0B2
:10EF08000446D0E901500E460DF107020421012301
:10EF1800A84708B102B070BD30789DF8071000F01E
:10EF28000F0001F0F00101442668A0688DF8071071
:10EF38000DF1070204210123B04702B070BD0000A3
:10EF480070B582B00446D0E901500E460DF10702B3
:10EF580006210123A84708B102B070BD30789DF89A
:10EF6800071000F00F0001F0F00101442668A068C6
:10EF78008DF807100DF1070206210123B04702B0F2
:10EF880070BD000070B582B00446D0E901500E464D
:10EF98000DF1070208210123A84708B102B070BD8E
:10EFA80030789DF8071000F00F0001F0F0010144DF
:10EFB8002668A0688DF807100DF1070208210123C3
:10EFC800B04702B070BD000070B582B00446D0E909
:10EFD80001500E460DF107020A210123A84708B186
:10EFE80002B070BD30789DF8071000F00F0001F0F6
:10EFF800F00101442668A0688DF807100DF107029A
:10F008000A210123B04702B070BD00002DE9F04786
:10F018009A469046894607461FFA8AF5FE68388B55
:10F02800B5F5807F28BF4FF480751FFA88F14A46EE
:10F038002B46B047064690B97869804700F15504D9
:10F04800BA68388B01219047796906468847A042FB
:10F0580001D2002EF4D1002E18BF6FF00206AAEBE1
:10F06800050A5FEA0A4003D0A944002EA844D3D079
:10F078003046BDE8F087000080B582B002298DF8DF
:10F08800072013D001290AD0002911BF4FF0FF3003
:10F098001C300DF10701FFF7A9FE02B080BD1C303E
:10F0A8000DF10701FFF7AAFE02B080BD1C300DF17B
:10F0B8000701FFF7ABFE02B080BD000080B582B04B
:10F0C8008DF807101C300DF10701FFF7D1FE02B0D3
:10F0D80080BD000080B582B00C2303EA921302F0D1
:10F0E80003021A4403298DF807201FD8DFE801F02E
:10F0F800021709101C300DF10701FFF7FFFE02B0DF
:10F1080080BD1C300DF10701FFF73CFF02B080BD48
:10F118001C300DF10701FFF757FF02B080BD1C300E
:10F128000DF10701FFF70CFF02B080BD4FF0FF3073
:10F1380002B080BD00000000F0B585B04178FF291D
:10F148005AD03E292CD0052940F0FD8040F21014F9
:10F15800C2F200048188E28A914213D10021E1823F
:10F1680084F8801043F66521C0F60101054608467B
:10F1780003F066FDA988AA7943F62810C0F60100B5
:10F1880003F0A6F801200125F9F772F840F2F02003
:10F19800E18AC2F2000005704180FEF79BFED2E0D2
:10F1A800C178012963D00C2940D0032940F0CB80D5
:10F1B80043F63221C0F601010446084603F040FD3B
:10F1C800B4F80700F8F7A2FA9FED610B53EC102B87
:10F1D800F8F7BBF90246B4F80B00B4F8095000EB95
:10F1E8008000440043F6BD00C0F601000B46CDE99F
:10F1F800005403F06DF8A6E0B0F8030040F60E41A5
:10F20800884208D040F20741884240F09C8052A0D2
:10F2180003F05EF897E05AA003F05AF840F2101095
:10F22800C2F20000C08A01F02BFF8CE043F69D116A
:10F23800C0F601010446084603F04AF821795DA0AA
:10F2480059A2002908BF104603F0FAFC40F210103A
:10F25800C2F20000C08A0DF113010DF1120202F092
:10F2680095FB002852D056A003F032F86BE040F22C
:10F278001017C2F2000797F8811005460846FDF7F7
:10F2880093FCB5F8051043F29160C0F6010003F055
:10F298001FF8A87AEE7AA97B6A7B6C7A2B7BCDE97A
:10F2A800006043F21370C0F60100029403F010F8F6
:10F2B800B5F80F00F8F72AFA9FED250B53EC102B41
:10F2C800F8F743F90246B5F81300B5F8116000EBFA
:10F2D8008000440043F6BD00C0F601000B46CDE9AE
:10F2E800006402F0F5FF97F880000521042808BFA4
:10F2F8000621B5F8052040F2F02087F88010C2F208
:10F3080000000021FA820170428046E743F612208D
:10F31800C0F6010003F094FC9DF813109DF812202C
:10F32800022908BF022A06D043F2CB70C0F60100BA
:10F3380002F0CEFF07E043F2CB70C0F601000221D5
:10F34800022202F0C5FF012005B0F0BD00BF00BFDA
:10F35800000000000000F43F3E3E3D3D204143498F
:10F368005F4741505F50524F435F434F4D504C45AC
:10F3780054455F56534556545F434F4445200D004E
:10F388003E3E3D3D204143495F474154545F494E0D
:10F398004449434154494F4E5F56534556545F4381
:10F3A8004F4445200D000000737461747573206F1D
:10F3B8006B200000737461747573206E6F6B20008E
:10F3C8003D3D3E3E206863695F6C655F72656164C0
:10F3D8005F706879203A206661696C0A0D00000048
:10F3E80040F2B800C2F200000021017740F2D800D4
:10F3F800C2F20000017000F00DB800007047000074
:10F4080040F2B801C2F200010A7F41F82200501C04
:10F418000877704780B5F9F775F8F9F7FBF8F9F749
:10F428001FFAF9F743FCF9F777FDFDF71DF8FDF72B
:10F438001DF8FDF71FF8FDF777FDFDF77BFD00F0E0
:10F44800B7FAFDF7C5FDFEF707FF01F029FBFEF748
:10F45800F7FCF9F701FABDE88040FFF7CFBF0000DD
:10F4680070B504464078FF2808D00020022820D034
:10F4780008BB2046BDE87040FFF75EBE20794FF418
:10F488004061B1EB002F4FF00000EFD140F2B8051A
:10F49800C2F20005297F0029E8D0002655F8261079
:10F4A800204688470028E1D1297F01368E42F5D3CE
:10F4B800DCE7002070BD012070BD0000704700002F
:10F4C80070B582B040F20030C2F20000FDF75AFD7C
:10F4D800B0B940F2003440F20006C2F2000401ADB7
:10F4E800C2F2030620462946FDF75AFD3069019904
:10F4F8000069FDF739FD2046FDF744FD0028F1D0ED
:10F5080002B070BD70B541F28456C2F2000640F6F2
:10F518000044F27CC4F6000420460821FAF7BCFB3C
:10F52800327DA4F5806528464FF40071FAF7B4FBE4
:10F53800727D20464FF48051FAF7AEFBB27D20462B
:10F548004FF40051FAF7A8FBF27D28464FF400610A
:10F55800BDE87040FAF7A0BB10B540F2B414C2F28F
:10F5680000042179884208BF10BD207145F28470DB
:10F57800C2F2000021461822F9F7A0FF84460020B5
:10F5880021464FF480721C23C4F818C0BDE810400F
:10F59800FEF7A8B9B0B544F6A415C2F2000529785B
:10F5A80004460846FDF700FB002C6C7008BFB0BD90
:10F5B800287804EBC421BDE8B040FDF715BA000077
:10F5C800B0B544F6A615C2F20005297804460846E7
:10F5D800FDF7EAFA002C6C7008BFB0BD287804EB80
:10F5E800C421BDE8B040FDF7FFB9000010B540F2F6
:10F5F800B414C2F200046178884208BF10BD60707C
:10F60800FFF7C8FF45F28470C2F2000021461822B5
:10F61800F9F754FF8446002021464FF480721C23DA
:10F62800C4F818C0BDE81040FEF75CB910B540F248
:10F63800B414C2F20004A178884208BF10BDA070BB
:10F64800FFF7BEFF45F28470C2F20000214618227F
:10F65800F9F734FF8446002021464FF480721C23BA
:10F66800C4F818C0BDE81040FEF73CB9002808BF30
:10F678007047B0B540F2C8240546C2F200042046DF
:10F6880029461022F7F7ABFED0B10020C4E90000EC
:10F69800C4E90200204629460F22F7F780FE45F20A
:10F6A8008470C2F2000021461422F9F707FF606156
:10F6B80000202146E0221823FEF714F90028F7D18C
:10F6C800BDE8B0407047000070470000FBF73AB84B
:10F6D80070B59AB008AC20464821F7F755FE0025CA
:10F6E8000795CDE90555CDE90355CDE90155FBF75A
:10F6F80023F94FF6904040F20041CFF6FF70C5F66F
:10F7080000010A58022666F3C4020A50086801225A
:10F7180062F34A200860086800F4C060009000980E
:10F72800072008904FF48030CDE909024FF480702B
:10F738000B9040200C9020461395FBF72BFD20B131
:10F74800EFF3108072B600BFFEE76F20CDE9010627
:10F7580001A80121CDE90355CDE905550795FBF72A
:10F768002BFB20B1EFF3108072B600BFFEE71AB092
:10F7780070BD00004EF68850CEF2000001684FF4CC
:10F78800E02241F4700101604FF0B04001684FF68B
:10F79800FB6341F0010101609421C5F6000141F8C5
:10F7A8008C2C0268CFF6F6231A4002600A6822F011
:10F7B80005020A604A6822F001024A6041F200022A
:10F7C800C2F2042241F8882C41F8842C026822F401
:10F7D80080220260002041F87C0C7047B0B540F2EE
:10F7E800C415C2F2030504462846FDF7ABFB40F2F8
:10F7F8000000C2F203004068D4E9021240F6582320
:10F80800C2F2030380E82A00C260FCF73BFED4E999
:10F81800000140F20C12C2F20002106040F208121D
:10F82800C2F2000200201160B0BD000080B540F2B5
:10F838000000C2F203004168012209680A724068A8
:10F84800FCF74AFE002080BDFCF74EBE40F20000E7
:10F8580040F23411C2F20300C2F20301016040F227
:10F868005411C2F20301416040F26411C2F2030173
:10F87800816040F27411C2F20301016240F27C110E
:10F88800C2F20301416240F28411C2F20301C16075
:10F8980040F28C11C2F20301016140F2A811C2F2D8
:10F8A8000301416140F2AC11C2F20301816140F2EF
:10F8B800B811C2F20301C161FCF73CBE80B5014634
:10F8C80040F20030C2F20000FDF74EFB4FF2C94093
:10F8D800C0F60000BDE88040FCF750BE70B540F2AD
:10F8E800D416C2F2030604463046FDF72BFB40F25D
:10F8F8000030C2F20000FDF725FB40F20000C2F222
:10F908000300006945F2B821C2F20001251D086014
:10F918002ECDC0E9022322680661C0E90021616991
:10F92800C0E9055170BD0000B0B540F2CC15C2F277
:10F93800030504462846FDF705FB40F20000C2F225
:10F948000300C068A168C0E90015FCF783FED4E98C
:10F95800000145F2A022C2F20002106045F2A42282
:10F96800C2F2000200201160B0BD000080B540F274
:10F978000000C2F20300C168102209680A72C06858
:10F98800FCF772FE002080BD7047000010B540F201
:10F99800DC14C2F203042046FDF7D4FA40F200005A
:10F9A800C2F2030040690460BDE81040FCF784BE61
:10F9B80070470000002002F089BB000010B5014626
:10F9C800407A00F0FE000E280AD140F2F420C2F27C
:10F9D8000000FDF7C9FA0020BDE8104001F098BF0B
:10F9E80040F2A804C2F200042046FDF7BDFA204602
:10F9F800BDE8104002F030B810B540F2DC04C2F2A5
:10FA0800000401462046FDF7AFFA2046BDE8104045
:10FA180002F0A2BB816A0A070CD4CA0715D18A076B
:10FA28001ED44A0727D4CA0630D48A0639D44A06CF
:10FA380042D457E00268D0F838C0536823F4004332
:10FA480043EA0C035360CA07E9D00268D0F82CC017
:10FA5800536823F4003343EA0C0353608A07E0D564
:10FA68000268D0F830C0536823F4803343EA0C03AB
:10FA780053604A07D7D50268D0F834C0536823F4D6
:10FA8800802343EA0C035360CA06CED50268D0F837
:10FA98003CC0936823F4805343EA0C0393608A06BE
:10FAA800C5D50268D0F840C0936823F4005343EAF0
:10FAB8000C0393604A0615D5D0F800C0436CDCF8F7
:10FAC8000420B3F5801F22F4801242EA0302CCF826
:10FAD800042007D1DCF80420836C22F4C0021A4306
:10FAE800CCF80420090658BF70470168C06C4A6802
:10FAF80022F400221043486070470000B0B582B07D
:10FB080004460020C4F89000FAF7CCF821680546AE
:10FB1800096809071AD56FF07E4C20464FF400118A
:10FB280000222B46CDF800C000F022FD70B100BFC6
:10FB3800206850E8000F216820F0800041E80002AA
:10FB4800002AF5D103202021882230E020680068AF
:10FB5800400723D56FF07E4C20464FF480010022E9
:10FB68002B46CDF800C000F003FDB8B1206850E87E
:10FB7800000F216820F4907041E80002002AF5D1B6
:10FB8800206850E8020F216820F0010041E80202D5
:10FB9800002AF5D1032020218C2208E02020C4F877
:10FBA8008800C4F88C00002170220020E166A15072
:10FBB800002184F8841002B0B0BD0000806A0021E2
:10FBC800A0F85E10A0F85610FCF752B8806A0368D7
:10FBD800D0F88820D0F88CC09B681B061BD5212A3A
:10FBE80019D10022A0F85620026852E8002F0368B5
:10FBF80022F0C00243E800210029F5D1016851E84C
:10FC0800021F026821F4000142E80213002BF5D11B
:10FC18002021C0F8881001688968490632D5BCF1EE
:10FC2800220F2FD10021A0F85E1000BF016851E813
:10FC3800001F026821F4907142E80013002BF5D1EF
:10FC48004FF6FE7CCEF6FF7C026852E8022F03686E
:10FC580002EA0C0243E802210029F5D1C16E01290C
:10FC68000AD100BF016851E8001F026821F01001A5
:10FC780042E80013002BF5D12021C0F88C10002198
:10FC8800C1664167D0F8901041F01001C0F890109B
:10FC9800FBF7EEBF0168806A0968890648BFFCF770
:10FCA800D1BB0021A0F85610016851E8021F026874
:10FCB80021F0800142E80213002BF5D1016851E8D8
:10FCC800001F026841F0400142E80013002BF5D103
:10FCD80070470000806AFCF7C5BB0000B0F86020E0
:10FCE8000168D0F88C30222B5AD1496A836D1140B3
:10FCF80023F8021B8365B0F85E100139A0F85E1086
:10FD0800B0F85E10002918BF704700BF016851E8BD
:10FD1800001F026821F4907142E80013002BF5D10E
:10FD2800016851E8021F026821F0010142E802134C
:10FD3800002BF5D12021C0F88C1000214167016704
:10FD4800016848F20002C4F2000291420CD04968EE
:10FD5800090209D5016851E8001F026821F0806195
:10FD680042E80013002BF5D1C16E012918BFFCF73A
:10FD78007FBA0021C16600BF016851E8001F026810
:10FD880021F0100142E80013002BF5D10168CA697F
:10FD9800D20644BF10220A62B0F85C10FBF74CBED2
:10FDA800886940F008008861704700002DE9F04F2D
:10FDB80081B004460068B4F86050C669016882687A
:10FDC800D4F88C30222B40F0A580B4F868000028C5
:10FDD80000F0AA8001F4807802F001074FF00009D2
:10FDE8004FF0020B4FF0010A04E000BFB4F85E00C8
:10FDF800002841D0B00640F197802068A16D426A82
:10FE08002A4021F8022BA165B4F85E100139A4F844
:10FE18005E10C6697107E9D0F20718BFB8F1000F84
:10FE280002D1B2070AD412E0C0F820A0D4F890207A
:10FE380042F00102C4F89020B20708D53FB1C0F8DB
:10FE480020B0D4F8902042F00402C4F89020002991
:10FE580008D53FB104210162D4F8900040F00200B7
:10FE6800C4F89000D4F890000028BFD02046FBF7D3
:10FE7800FFFEC4F89090B9E7206850E8000F2168A9
:10FE880020F4807041E80002002AF5D14FF6FE7098
:10FE9800CEF6FF70216851E8021F2268014042E84F
:10FEA8000213002BF6D12020C4F88C0000206067D4
:10FEB8002067206848F20001C4F2000188420DD092
:10FEC800406800020AD500BF206850E8000F21688A
:10FED80020F0806041E80002002AF5D1E06E012898
:10FEE8001FD10020E06600BF206850E8000F21689D
:10FEF80020F0100041E80002002AF5D12068C1690D
:10FF0800C90644BF10210162B4F85C102046FBF713
:10FF180093FD09E0816941F00801816101B0BDE804
:10FF2800F08F2046FCF7A4F9B4F85E00F0B1B4F8FD
:10FF3800681088421AD200BF206850E8020F216872
:10FF480020F0805041E80202002AF5D14FF6E54042
:10FF5800C0F60000606700BF206850E8000F216805
:10FF680040F0200041E80002002AF5D101B0BDE8C8
:10FF7800F08F0000B0F860100268D0F88C30222BA7
:10FF88005AD1526A836D11401970816D01318165B2
:10FF9800B0F85E100139A0F85E10B0F85E100029C4
:10FFA80018BF7047016851E8001F026821F490717A
:10FFB80042E80013002BF5D1016851E8021F0268DE
:10FFC80021F0010142E80213002BF5D12021C0F8ED
:10FFD8008C10002141670167016848F20002C4F2F1
:10FFE800000291420CD04968090209D5016851E81C
:08FFF800001F026821F0806186
:020000040801F1
:0800000042E80013002BF5D1CA
:10000800C16E012918BFFCF733B90021C16600BFD2
:10001800016851E8001F026821F0100142E800134E
:10002800002BF5D10168CA69D20644BF10220A62C2
:10003800B0F85C10FBF700BD906940F008009061D3
:10004800704700002DE9F04F81B004460068B4F80D
:100058006050C66901688268D4F88C30222B40F061
:10006800A780B4F86800002800F0AC8001F4807B19
:1000780002F001074FF000084FF0020A4FF00109A3
:1000880004E000BFB4F85E00002843D0B00640F199
:1000980099802068A16D406A28400870A16D206889
:1000A8000131A165B4F85E100139A4F85E10C66983
:1000B8007107E7D0F20718BFBBF1000F02D1B207F2
:1000C8000AD412E0C0F82090D4F8902042F001023F
:1000D800C4F89020B20708D53FB1C0F820A0D4F8E2
:1000E800902042F00402C4F89020002908D53FB1BE
:1000F80004210162D4F8900040F00200C4F8900096
:10010800D4F890000028BDD02046FBF7B1FDC4F814
:100118009080B7E7206850E8000F216820F48070CD
:1001280041E80002002AF5D14FF6FE70CEF6FF70C6
:10013800216851E8021F2268014042E80213002B9F
:10014800F6D12020C4F88C00002060672067206862
:1001580048F20001C4F2000188420DD04068000254
:100168000AD500BF206850E8000F216820F08060A1
:1001780041E80002002AF5D1E06E01281FD10020D5
:10018800E06600BF206850E8000F216820F01000EA
:1001980041E80002002AF5D12068C169C90644BFB8
:1001A80010210162B4F85C102046FBF745FC09E019
:1001B800816941F00801816101B0BDE8F08F2046F6
:1001C800FCF756F8B4F85E00F0B1B4F8681088424D
:1001D8001AD200BF206850E8020F216820F0805032
:1001E80041E80202002AF5D14FF67D70C0F6000002
:1001F800606700BF206850E8000F216840F02000C9
:1002080041E80002002AF5D101B0BDE8F08F0000F6
:10021800F0B581B0044604F108064ECE00681943D3
:1002280041EA0603E169066846F6F315CCF6FF7560
:100238002E4033430B43036043684FF2FF4523F4DA
:1002480040531A43426048F20002A369C4F2000214
:1002580090421CBF266A33438668C1F2FF152E40C0
:1002680033438360C36A666A23F00F0333439042C3
:10027800C3620BD043F60003C4F20103984210D1C5
:100288008823C5F600031B686EA605E08823C5F61B
:1002980000031B6867A69B0A03F0030356F8233084
:1002A80000E01023904242F20040C0F2F40013D064
:1002B800B1F5004F1ED1591E072900F2B080002762
:1002C800DFE801F0046BAD61ADADAD69FAF7F6FE9C
:1002D800002840F0638096E0082B4FD80027DFE81D
:1002E80003F0054D1F4D194D4D4D1D00FAF7D2FE77
:1002F800C0B988E0591E072900F296800027DFE878
:1003080001F0046B934693939369FAF7D7FE00289C
:1003180063D178E0FAF7E6FE20B974E048F2060007
:10032800002870D0616A42F6AC62C0F6010232F869
:1003380011206568B0FBF2F305EB45018B424FF0E5
:10034800010163D32E03B34260D800210023F6F7DE
:10035800C3FF090241EA1061000210EB550041F1A8
:1003680000012A460023F6F7B7FF4FF60052A0F522
:100378004071C0F20F02914243D346E000200127AA
:100388000028CFD13FE0FAF7ADFE38B93BE0FAF7E5
:10039800A9FE10BB37E048F20600A0B3616A42F636
:1003A800AC62C0F6010232F811106268B0FBF1F0DD
:1003B800510801EB4000B0FBF2F04FF6EF72A0F1EC
:1003C8001001914221D84FF6F0710140C0F342006C
:1003D800084416E048F20600A8B1616A42F6AC6229
:1003E800C0F6010232F811106268B0FBF1F000EBC0
:1003F8005200B0FBF2F04FF6EF72A0F110019142FB
:1004080003D82168C860394600E001214FF0011087
:100418000022A06662670846A26701B0F0BD00200E
:1004280001270028BAD1EEE7002001270028D4D1FF
:10043800E9E700BF0000000004000000020000001F
:100448000800000001000000040000000200000095
:10045800080000008165A0F85C20A0F85E20816893
:100468000023436771B1B1F1805F07D0B1F5805FB8
:100478000ED1016951B940F2FF110AE0016919B1C1
:100488003F2106E0016909B17F2102E0FF2100E078
:100498000021A0F860100021C0F890102221C0F8B7
:1004A8008C1000BF016851E8021FD0F800C041F06D
:1004B80001014CE80213002BF4D1416EB1F1005F49
:1004C80003D1B0F868108A4225D28168B1F5805FFF
:1004D80002D10169002941D04FF67D71C0F60001B3
:1004E8000269416762B100BF016851E8001F0268F4
:1004F80041F4907142E80013002BF5D12CE000BFC5
:10050800016851E8001F026841F0200142E8001329
:10051800002BF5D120E08168B1F5805F01D1016938
:1005280009B340F24D01C0F60101026941674AB1C1
:10053800016851E8001F026841F4807142E8001325
:10054800002BF5D1016851E8021F026841F0805183
:1005580042E80213002BF5D1002070474FF6E54121
:10056800C0F60001BCE74FF6B551C0F60001DCE764
:100578002DE9F04381B004460068C0690840401A7C
:10058800B0FA80F04009824257D1DDF82080154644
:100598000E46994608F1010709E000BF2068C069C6
:1005A8003040801BB0FA80F04009854245D1002FC9
:1005B800F4D0F9F777FB0146B8F1000F4FF00300CC
:1005C8003CD0A1EB0901414538D8206801684907AA
:1005D800E4D5402EE2D0802EE0D0C169090730D49E
:1005E800C1690905DAD54FF400610162206850E855
:1005F800000F216820F4907041E80002002AF5D12C
:100608004FF6FE70CEF6FF70216851E8021F22688F
:10061800014042E80213002BF6D1E06E012809D10F
:10062800206850E8000F216820F0100041E800021F
:10063800002AF5D1032020212CE0002001B0BDE8DC
:10064800F0830821016200BF206850E8000F21688C
:1006580020F4907041E80002002AF5D14FF6FE70B0
:10066800CEF6FF70216851E8021F2268014042E877
:100678000213002BF6D1E06E012809D1206850E85A
:10068800000F216820F0100041E80002002AF5D18F
:10069800012008212022C4F88C200022E26662672B
:1006A800C4F8901084F8842001B0BDE8F0830000FD
:1006B80045F65010C2F20000FBF7E8BA45F2B02048
:1006C800C2F200000021016041F27450C2F2000041
:1006D80001607047EFF31082EFF3108372B641F2B6
:1006E8007453C2F2000321B1012906D119680843E5
:1006F80002E0196821EA0000186082F31088704748
:100708004FF0FF3000F052B870470000EFF310814F
:10071800EFF3108272B640F24402C2F2000213688C
:1007280023EA0000106081F31088704770470000CA
:1007380070470000EFF3108CEFF3108372B60023BC
:10074800B0F5803F38BF01234FEA031338BF0004D8
:10075800B0F1807F3CBF08330002B0F1805F3CBF3E
:100768000433000142F69C61000FC0F60101085CE9
:1007780083F01F01081A45F2BC21C0B2C2F2000181
:1007880041F820208CF3108870470000EFF31081A7
:10079800EFF3108272B640F24402C2F2000213680C
:1007A8001843106081F31088704700002DE9F04F5E
:1007B80081B040F23C01C2F200010A6845F24C37B0
:1007C800104040F2E02B40F2440A00920860C2F266
:1007D8000007C2F2000BC2F2000A3E68DBF8001004
:1007E800DAF8002040F2E423C2F2000316401B6846
:1007F800064240F2A816C2F2000677D0194075D119
:1008080045F23C3542F69C6845F2BC29C2F2000527
:10081800C0F60108C2F20009294600BF51F8083B9A
:1008280013400342FAD051F8083C1A4051F8043CEE
:100838001040184204BF4FF0FF3241F8042C51F821
:10084800042C10400022B0F5803F38BF01224FEA47
:10085800021238BF0004B0F1807F3CBF08320002AA
:10086800B0F1805F3CBF04320001000F18F80000AF
:1008780082F01F02101AC2B23260012051F8043C03
:1008880000FA02F223EA020241F8042CEFF3108185
:10089800EFF3108272B632683C6800FA02F3DA436A
:1008A80024EA03033B6000BF55F83030134045F895
:1008B80030300138431CF7D181F31088306859F87B
:1008C8002000804740F2E420C2F200003C68DBF8D8
:1008D8000010DAF80020036840F23C00C2F2000081
:1008E80000681440044201D0194095D04FF0FF3001
:1008F8003060FFF71DFFEFF31085EFF3108072B63D
:1009080040F23C033968DBF80000DAF80020C2F254
:1009180000031B681140194208D140F2E421C2F2D9
:1009280000010968014208BFFFF7EEFE85F3108851
:10093800FFF7FCFE40F23C000099C2F200000160A3
:1009480001B0BDE8F08F0000EFF31081EFF31082E3
:1009580072B640F2E022C2F2000213681843106037
:1009680081F310887047000045F24C3CEFF3108289
:10097800EFF3108372B6C2F2000CDCF800300343C8
:10098800CCF8003045F23C3CC2F2000C5CF8313047
:1009980018434CF8310082F3108870472DE9F0476E
:1009A80040F2A81840F2E4290446C2F20008C2F254
:1009B800000940F2E027D8F80060D9F800A0C9F88B
:1009C8000040C2F200073968B6F1FF354FF0010068
:1009D80018BF00FA06F5214207D100BF2846214674
:1009E800FFF78EFE38682042F8D0C8F80060EFF3B1
:1009F8001080EFF3108172B63968A143396080F333
:100A08001088C9F800A0BDE8F087000010B540F2D2
:100A1800B414C2F200046078FEF7BCFDA078BDE80B
:100A28001040FEF7CDBD0000FEE70000F0B581B034
:100A38000446D0F80CC0008B8F042DD440F00C0075
:100A48000F461646E047054618BB606980470E2FDB
:100A58000CD1218B327821F0F20102F00F0341EA28
:100A68000311022303EAD2021144218300F155063F
:100A7800208BA26840F00C0001219047616905466F
:100A88008847B04201D2002DF2D1002D18BF6FF077
:100A98000205284601B0F0BD01B0BDE8F04060474E
:100AA800704700004EF60C50BFF34F8FCEF2000097
:100AB8000168042201F4E061C0F2FA5211430160B6
:100AC800BFF34F8F00BFFDE770B5C6B004460020E6
:100AD8000DF101058DF80000681C22468DF80140D3
:100AE800FDF7C4F9661C40AC204600211822FDF72A
:100AF800C3F93F20C0F2B2004090684644900120FC
:100B0800459020460021CDE9425600F0D5FF9DF8DA
:100B18000010002848BFFF21084646B070BD0000FD
:100B280070B5C8B0DDE94CC502AE0024ADF80800C8
:100B3800ADF80A108DF80C20B01D614606228DF81C
:100B480007408DF80D30FDF791F942AC20460021A1
:100B580018228DF81450FDF78FF93F20C0F2B0002D
:100B680042900D2045900DF10700469001204790D6
:100B780020460021449600F09FFF9DF807100028AA
:100B880048BFFF21084648B070BD000010B588B0C6
:100B9800002002AC8DF80700204600211822FDF73E
:100BA8006BF93F20C0F2B10002900DF107000690EA
:100BB800012007902046002100F07EFF9DF80710D5
:100BC800002848BFFF21084608B010BD10B588B0FE
:100BD800002002AC8DF80700204600211822FDF7FE
:100BE8004BF93F20C0F2920002900DF107000690E9
:100BF800012007902046002100F05EFF9DF80710B5
:100C0800002848BFFF21084608B010BD2DE9F04371
:100C1800C9B00DF1060415460E46074620460021C8
:100C2800072298464FF00709FDF726F98DF80F506F
:100C380043AD2846002118228DF80D708DF80E60FE
:100C4800FDF71AF93F20C0F28A0043900DF10D001C
:100C58004590032046A981E811022846002100F0AA
:100C68002BFF002805D49DF8060030B149B0BDE837
:100C7800F083FF2049B0BDE8F083BDF80710519814
:100C8800509AA8F80010BDF80910BDF80B30118073
:100C98000380002049B0BDE8F0830000F0B5C7B07C
:100CA800DDE94E4EDDF840C1DDE94C658DF80B40BD
:100CB80041AC00278DF805008DF806108DF8072047
:100CC8002046002118228DF804708DF808308DF820
:100CD80009608DF80A50CDF80CE08DF810C0FDF7CA
:100CE800CBF83F20C0F2860041900DF105004390FB
:100CF8000C20449001A845900120469020460021F0
:100D080000F0DAFE9DF80410002848BFFF210846CD
:100D180047B0F0BD2DE9F04FC7B0DDE952C4DDE9B9
:100D280050E50DF1050909F10807DDE9548B4FF08D
:100D3800000A8DF80500ADF80610ADF80820384611
:100D480061462A467E198DF804A08DF80A308DF880
:100D58000BE08DF80C50FDF789F806F8014B30468A
:100D6800414622463719FDF781F8569826F804B00F
:100D78007880281941AC00F10D0520460021182281
:100D8800FDF77AF83F20C0F28300419001A8459012
:100D98000120469020460021CDE9439500F08CFEC5
:100DA8009DF80410002848BFFF21084647B0BDE859
:100DB800F08F000010B5C6B040AC00218DF80100DE
:100DC800204618228DF80010FDF756F83F20C0F293
:100DD800850040900DF10100429001206946439042
:100DE800CDE944102046002100F066FE9DF8001071
:100DF800002848BFFF21084646B010BD10B588B08E
:100E0800002002AC8DF80700204600211822FDF7CB
:100E180033F83F20C0F2810002900DF107000690E0
:100E2800012007902046002100F046FE9DF807109B
:100E3800002848BFFF21084608B010BD70B5C6B0ED
:100E4800044600200DF101058DF80000681C2246BB
:100E58008DF80140FDF70AF8661C40AC20460021D9
:100E68001822FDF709F83F20C0F28E00409068462E
:100E780044900120459020460021CDE9425600F0DB
:100E88001BFE9DF80010002848BFFF21084646B009
:100E980070BD00002DE9F04FC7B00446881EB0FAB7
:100EA80080F040090DF1010693460F46050101291E
:100EB80030464FF000014FF003029A4608BF022562
:100EC8004FF000094FF00308FCF7D6FF012FADF8EB
:100ED80004408DF8067003D0022F1BD1102700E0C4
:100EE800022701A8529CDDE95098033059463A463A
:100EF8000544FCF7BBFF539885F802906871549835
:100F080085F8038007F10A084FF00109A5F800A049
:100F18002C71A871B9F1000F1BD041AC20460021FB
:100F28001822FCF7A9FF3F20C0F20410419001A845
:100F3800CDE943080320469020460021459600F05D
:100F4800BBFD002809D49DF8010050B147B0BDE8A9
:100F5800F08F972047B0BDE8F08FFF2047B0BDE87D
:100F6800F08F5598BDF802100180002047B0BDE809
:100F7800F08F00002DE9F04FC7B004460238B0FAF0
:100F880080F040090DF1020893460F4605014046DE
:100F9800002103229A460DF10509012C08BF0225FC
:100FA8000026FCF769FF012C8DF8054003D0022CC0
:100FB8002CD1102400E0022409F101003946224610
:100FC8000544FCF753FF85F800B085F801A0E51C3F
:100FD8000126F6B141AC204600211822FCF74CFF4F
:100FE8003F20C0F202104190032046902046002185
:100FF800CDE94395CDF8148100F05EFD00280CD4AE
:101008009DF8020068B147B0BDE8F08F0125002EB9
:10101800E0D1972047B0BDE8F08FFF2047B0BDE88A
:10102800F08F5098BDF803100180002047B0BDE84C
:10103800F08F000010B5C8B042AC0021ADF8080030
:10104800204618228DF80710FCF716FF3F20C0F243
:101058002710429002A84490022045900DF1070005
:101068004690012047902046002100F025FD9DF87C
:101078000710002848BFFF21084648B010BD0000EF
:1010880010B5C8B042AC0021ADF8080020461822BF
:101098008DF80710FCF7F0FE3F20C0F225104290B3
:1010A80002A84490022045900DF1070046900120C7
:1010B80047902046002100F0FFFC9DF8071000280B
:1010C80048BFFF21084648B010BD000010B588B0E1
:1010D800002002AC8DF80700204600211822FCF7FA
:1010E800CBFE3F20C0F2011002900DF107000690E0
:1010F800012007902046002100F0DEFC9DF8071033
:10110800002848BFFF21084608B010BD70B5C8B018
:10111800DDF830C11C4602AD0023ADF80800ADF87B
:101128000A108DF80C20A81D614622468DF807305C
:101138008DF80D40FCF79AFEA61D42AC2046002112
:101148001822FCF799FE3F20C0F2061042900DF1DC
:10115800070046900120479020460021CDE94456DB
:1011680000F0AAFC9DF80710002848BFFF21084698
:1011780048B070BD10B5C8B042AC0021ADF8080049
:10118800204618228DF80710FCF776FE3F20C0F2A3
:101198001800429002A84490022045900DF10700E3
:1011A8004690012047902046002100F085FC9DF8DC
:1011B8000710002848BFFF21084648B010BD0000AE
:1011C80010B5C6B0002240AC8DF800208DF80100A3
:1011D8008DF80210204600211822FCF74DFE3F2012
:1011E800C0F20F0040900DF10100429002204390A0
:1011F80068464490012045902046002100F05CFCA0
:101208009DF80010002848BFFF21084646B010BDD1
:1012180070B5C6B00C4600210DF101058DF800101F
:101228008DF80100A81C114622468DF80240FCF7F3
:101238001DFEA61C40AC204600211822FCF71CFE0F
:101248003F20C0F20C004090684644900120459031
:1012580020460021CDE9425600F02EFC9DF80010F2
:10126800002848BFFF21084646B070BD80B58AB047
:10127800F8F7B6F8030A8DF80F000A0A8DF810304F
:10128800030C000E8DF811308DF812008DF8131034
:101298008DF814204FF01F0C0DF10F0E3020402157
:1012A80007220123CDE900ECFFF73AFC20B1014603
:1012B80022A001F00DF802E030A001F0C1FC41F2DB
:1012C8001260CFF6AA6040F26001CDF8150041F631
:1012D8003070C2F200014A8BADF81900C869ADF848
:1012E8001B200A6ACDF81D00888C91F82610ADF8ED
:1012F80025008DF827100DF115011320CDF82120B8
:10130800FFF7E2FB38B1014643F22D30C0F6010089
:1013180000F0DEFF05E043F66210C0F6010001F0C0
:101328008FFC40F21010C2F2000090F8830040F6E3
:101338000101FBF759FB0AB080BD00BF434D4420B3
:101348003D3D3E204661696C6564204143495F47E5
:1013580041505F4144444954494F4E4E414C5F42CD
:101368004541434F4E5F5354415254202C207265DF
:1013780073756C743A202564200D0A00434D44208F
:101388003D3D3E205375636365737366756C6C20D1
:101398004143495F4741505F4144444954494F4E96
:1013A8004E414C5F424541434F4E5F535441525466
:1013B8000D00000080B540F21010C2F2000090F855
:1013C8008300FBF7F1FBFFF7E1FB13A104A2002860
:1013D80008BF11460846BDE8804000F079BF00BF4D
:1013E8002A2A2053544F50204143495F4741505FB8
:1013F8004144444954494F4E4E414C5F4245414354
:101408004F4E5F4144564552544953494E47202A4E
:101418002A20200D0A0D00002A2A2053544F50205C
:101428004143495F4741505F4144444954494F4E05
:101438004E414C5F424541434F4E5F4144564552F1
:10144800544953494E47202A2A20204661696C6531
:1014580064200D0A0D00000010B51421044600F0A8
:1014680019FF2046F7F712FD45F26170C2F200003D
:101478000078012808BFFEF745F84FF40060042102
:10148800FFF772FAFDF738F840F2011041F2845480
:10149800C2F20000C2F200040378627C991A18BFF5
:1014A8000121934218BF02704378A27C93421CBF6B
:1014B800427001218378227B93421CBF82700121F4
:1014C800C378E27B934201D109B908E0C2700421D4
:1014D80000F0F4FE4FF400500321FFF745FAA07B1B
:1014E800012818BF10BD607B0021A173BDE8104022
:1014F800F6F7BEBF10B541F28450C2F2000043F2C5
:101508001D4100224EF6D104425444F6A411C0F6FF
:101518000004C2F2000100202346FBF70FF944F64D
:10152800A611C2F20001002000222346BDE81040A7
:10153800FBF704B9B0B582B004468DF80700EFF3A5
:101548001085EFF3108072B640F21430C2F200003A
:101558000DF1070101220123F7F784F988B140F260
:101568000D01C2F200010A785AB100220A7048F649
:10157800396285F31088C0F600020121F7F73AFCBA
:1015880001E085F31088204602B0B0BD10B542F6E0
:101598005C51C0F601010B220446F5F713FF002841
:1015A80000F05A8142F66C51C0F6010120460C2227
:1015B800F5F708FF002800F0518142F67C51C0F68B
:1015C800010120460722F5F7FDFE002800F04881BA
:1015D800C3A120460822F5F7F5FE002800F0428155
:1015E800206846F27451C3F66C21884200F03C81B1
:1015F80042F68851C0F6010120460722F5F7E2FEBF
:10160800002800F0338142F66C41C0F60101204603
:101618001A22F5F7D7FE002800F02A8142F6884101
:10162800C0F6010120460A22F5F7CCFE002800F09A
:10163800218142F69441C0F6010120460722F5F7C0
:10164800C1FE002800F0188142F6A041C0F6010151
:1016580020460722F5F7B6FE002800F00F8143F276
:101668002401C0F6010120460622F5F7ABFE00284A
:1016780000F0068143F22C01C0F601012046062243
:10168800F5F7A0FE002800F0FD8043F23401C0F613
:10169800010120460622F5F795FE002800F0F480A7
:1016A80043F23C01C0F6010120460622F5F78AFE06
:1016B800002800F0EB8042F6A941C0F6010120465F
:1016C8000522F5F77FFE002800F0E28042F6B041DF
:1016D800C0F6010120460922F5F774FE002800F043
:1016E800D98042F6BB41C0F6010120460522F5F734
:1016F80069FE002800F0D08042F6C441C0F601011E
:1017080020460722F5F75EFE002800F0C780206813
:1017180047F27521C3F66E21884200F0C180206827
:1017280046F67071C3F67021884200F0BB802068CD
:1017380046F67311C3F67021884200F0B58042F670
:10174800CD41C0F6010120460522F5F73BFE0028F1
:1017580000F0AC8042F6D441C0F6010120460522D3
:10176800F5F730FE002800F0A38060A1204608228B
:10177800F5F728FE002800F09D8042F6DC41C0F60F
:10178800010120460A22F5F71DFE002800F094808A
:1017980042F6E841C0F6010120460922F5F712FE9B
:1017A800002800F08B8042F6F441C0F60101204683
:1017B8000A22F5F707FE002800F0828042F6005161
:1017C800C0F6010120460B22F5F7FCFD002879D070
:1017D80042F61051C0F6010120460722F5F7F2FD46
:1017E800002871D042F61C51C0F6010120460B2298
:1017F800F5F7E8FD002869D042F62C51C0F6010142
:1018080020460B22F5F7DEFD002861D042F63C5158
:10181800C0F6010120460C22F5F7D4FD002859D066
:1018280042F64C51C0F6010120460C22F5F7CAFDDC
:10183800002851D030A120460822F5F7C3FD002822
:101848004CD030A120460822F5F7BCFD0146002007
:10185800002908BF232010BD012010BD022010BDA3
:10186800032010BD042010BD052010BD062010BDAA
:10187800072010BD082010BD092010BD0A2010BD8A
:101888000B2010BD0C2010BD0D2010BD0E2010BD6A
:101898000F2010BD102010BD112010BD122010BD4A
:1018A800132010BD142010BD152010BD162010BD2A
:1018B800172010BD182010BD192010BD1A2010BD0A
:1018C8001B2010BD1C2010BD1D2010BD1E2010BDEA
:1018D8001F2010BD202010BD212010BD222010BDCA
:1018E80068747470733A2F2F00000000627473706C
:1018F800703A2F2F0000000075726E3A6570633AD7
:101908000000000075726E3A6E66633A00000000CF
:101918000120FFF719B800000120FFF73FB80000C9
:10192800B0B584B045F264750C46496845F2A82202
:10193800C2F20005C2F20002E8612846116000F018
:101948008FF840F2F4202468C2F20000FBF7FAFA9C
:1019580040F2B400C2F20000046040F2A800C2F2F3
:101968000000FBF7EFFA296840F2B000C2F200006D
:101978000122027039B14FF6C510C0F60000009080
:1019880068460294884704B0B0BD00002DE9F041D4
:10199800C8B00DF1030790460D46064638460021AB
:1019A80005220524FCF768FAADF8086042AE304617
:1019B80000211822FCF760FA0820C0F2300042909B
:1019C80002A844900220CDE94507304600214794FB
:1019D80000F072F8002805D49DF8030030B148B033
:1019E800BDE8F081FF2048B0BDE8F0819DF8060011
:1019F8009DF807102870002088F8001048B0BDE84E
:101A0800F081000010B5C6B040AC00238DF801008D
:101A18008DF802108DF803202046002118228DF839
:101A28000030FCF729FA0820C0F2310040900DF18F
:101A3800010042900320439068464490012045905D
:101A48002046002100F038F89DF80010002848BF13
:101A5800FF21084646B010BD02200021FEF784BFD2
:101A68004FF2E571C0F6000101604FF63501C0F68E
:101A7800000101617047000010B588B0002002AC79
:101A88008DF80700204600211822FCF7F5F94FF0E1
:101A9800031002900DF107000690012007902046E0
:101AA800002100F009F89DF80710002848BFFF2121
:101AB800084608B010BD00002DE9F04F81B045F28E
:101AC800A828C2F20008D8F80010834609B10020FF
:101AD8008847BBF80200BBF800106FF39F2040EA6C
:101AE800812640F2A410C2F200004FF0010940F232
:101AF800B40280F80090C2F20002DBE90210136819
:101B0800C2B2D87203F10C00A3F80960F5F715FC0E
:101B180045F26470C2F2000002690020002100272B
:101B2800904740F2F425C2F20005EA46B6B200E05A
:101B38009FBB48F2E800FFF7EFFE05E001F10C0457
:101B48002078002818BF4F462846FBF71BFA0028C4
:101B5800EED128465146FBF723FA0099487A0F2818
:101B680008D1B1F80D00B042E8D1C87ADBF81020EE
:101B78001070E3E7888901F10B04B042E0D1887A5C
:101B88000E31C21EDBE90403D2B29342B8BF1A4633
:101B9800CBF81420F5F7D1FBD2E7D8F8001009B13B
:101BA80001208847002001B0BDE8F08F10B584B04F
:101BB80040F2A800C2F20000FBF7E4F940F2B004DA
:101BC800C2F2000420BB207810B340F2A800C2F291
:101BD800000003A9FBF7E4F945F26470C2F20000C3
:101BE800C169012039B1039A8DF8040001A8029255
:101BF80088479DF804000399207018B10846FDF73E
:101C08005DFE05E040F2A800C2F20000FBF79EF975
:101C180040F2A800C2F20000FBF7B4F938B9207806
:101C280028B140F2A800C2F20000FFF715FF04B087
:101C380010BD0000B0B5ADF51C7D0DF26E20FBF7B0
:101C480073FF00284FF0000059D1BDF86E1200292B
:101C580055D041F24434C2F200042046FBF784FD1B
:101C680000284FD111AD28462146FBF7F3FA129808
:101C7800BDF84C12204401442846FBF7EBFA9DF8C6
:101C8800540208283ED140F20830C2F20000D0E9E0
:101C98000001C1F30723C9B2020EC0F30724C0F341
:101CA80007458DE82600039443F2440205AC5FFA29
:101CB80080FCC0F6010220461221CDF810C000F0C9
:101CC80017FB43F2620240F2C8230DF12605C0F665
:101CD8000102C2F2000328461E21009400F008FB0E
:101CE800129C2846F5F767FB84420BD194980DF1B6
:101CF80026012246F5F766FBB0FA80F040090DF59B
:101D08001C7DB0BD00200DF51C7DB0BD96B0F8F768
:101D180027FDFBF75FF9FDF7DBFC01AC20465021FE
:101D2800F5F732FB4FF4405001904FF48040129089
:101D380002201390002014902046F8F707FE20B1E7
:101D4800EFF3108072B600BFFEE745F65C0040F680
:101D58000041C2F20000C5F600010160F8F7A2FCDC
:101D680018B1EFF3108072B6FEE700244C260594F4
:101D7800CDE90344CDE90144C5F6000630680121E8
:101D880040F0010030603068002200F0010015903A
:101D9800159830684FF0010B40F002003060306851
:101DA80000F0020015901598306840F0040030608B
:101DB800306800F0040015901598306840F008006D
:101DC8003060306800F00800159015984FF090408A
:101DD800F7F762FF40F60049C4F60009A9F5806AE2
:101DE80050464FF4206100224FF42068F7F754FF63
:101DF800484643F208010022F7F74EFF01AD4FF0C5
:101E080090402946CDE901BBCDE90344F7F77CFEB4
:101E1800202001904FF48810A9F50067CDE902044D
:101E280038462946F7F770FE50462946CDE9018B1A
:101E3800CDE90344F7F768FE0320CDE901044846DD
:101E480029460394F7F760FE4FF40050CDE90104EA
:101E5800384629460394F7F757FE43F20800CDE9C0
:101E6800010B4846294642F60005CDE90344C4F271
:101E78000005F7F749FE172000210022F8F718FDA2
:101E88001720F8F7F1FC56F8040C002140F0040084
:101E980046F8040C56F8040C002200F004000190E7
:101EA800019856F8040C40F0020046F8040C56F865
:101EB800040C00F00200019001983A20F8F7F8FCB1
:101EC8003A20F8F7D1FC45F62C10C2F200000F2199
:101ED80000F1080347F6FF72C0E9005416C3C0E9D1
:101EE8000544C461F9F77EFC18B1EFF3108072B6AF
:101EF800FEE745F6501005F58831C2F200000C23C4
:101F08004FF4E13280E81600C0E90344C0E9053423
:101F1800C0E90744C0E90944FAF790F818B1EFF3AB
:101F2800108072B6FEE745F65010C2F2000000219C
:101F3800F9F7D0FD18B1EFF3108072B6FEE745F659
:101F48005010C2F200000021F9F77AFD18B1EFF342
:101F5800108072B6FEE745F65010C2F20000F9F79D
:101F680011FD20B1EFF3108072B600BFFEE745F611
:101F7800080005F53051C2F2000047F6B4420023CC
:101F8800C0F2B002012780E88E00C0E90433C0E93E
:101F980006330362F7F70AFF18B1EFF3108072B641
:101FA800FEE745F60800C2F200000021F7F794FEAC
:101FB80018B1EFF3108072B6FEE745F60800C2F2DA
:101FC800000000210024F7F7ADFE20B1EFF31080E8
:101FD80072B600BFFEE745F6980005F5B041C2F2BB
:101FE80000004FF416520C2380E816004FF0005101
:101FF8002E46C0E90344C0E90534C0E908448462B8
:102008004166FAF71BF818B1EFF3108072B6FEE7D5
:1020180045F69800C2F200000021F9F75BFD18B1FF
:10202800EFF3108072B6FEE745F69800C2F20000A2
:102038000021F9F705FD18B1EFF3108072B6FEE73D
:1020480045F69800C2F20000F9F7B8FC18B1EFF3B2
:10205800108072B6FEE745F2847006F50231C2F2CE
:102068000000016000218180C0E9051101210162A1
:10207800F7F78CFA18B1EFF3108072B6FEE7F7F7AE
:102088007DF9F7F7BBF8FAF7C3FF43F26B0040F2AC
:10209800AC11C0F60100C2F2000100F019F9FFF717
:1020A80029FAFEF7B3FC45F69804C2F2000420466C
:1020B800F9F75EFD44F6A911C2F200012046142288
:1020C800FAF7A4F8FBF70CF8FCE700000220FEF78B
:1020D8003BBC00000220FEF761BC0000F0B583B0F5
:1020E80045F6E4140D46496845F2AC27C2F20004EF
:1020F800C2F20007E0612046396000F033F82D682D
:1021080040F2E800C2F20000056040F2DC00C2F2D2
:102118000000FAF717FF40F2EC00C2F200000126B7
:102128000670396809B101208847216840F2E40047
:10213800C2F20000067061B14FF6BD10C0F6000093
:1021480000904FF60120C0F6000001906846029505
:10215800884703B0F0BD00004FF480300021FEF73F
:1021680003BC00004FF63111C0F6000101604FF6C4
:102178007511C0F600010161704700002DE9F047B4
:1021880045F2AC28C2F200081546D8F800209A4655
:102198000E4607460AB10020904740F2EC09C2F209
:1021A8000009002040F2E80489F80000C2F20004A7
:1021B80020682946A0F80970C6720C303246F5F737
:1021C800BCF840F2A510C2F200000125057045F6E2
:1021D800E410C2F20000026900200021904748F292
:1021E800E800FFF777FF21680AF108008A780332D0
:1021F800F5F7A3F889F80050D8F80010002908BFAF
:10220800BDE8F0870120BDE8F047084710B584B065
:1022180040F2DC00C2F20000FAF7B4FE40F2E40437
:10222800C2F2000420BB207810B340F2DC00C2F2F6
:10223800000003A9FAF7B4FE45F6E410C2F2000064
:10224800C169012039B1039A8DF8040001A80292EE
:1022580088479DF804000399207018B10846FDF7D7
:102268002DFB05E040F2DC00C2F20000FAF76EFE3A
:1022780040F2DC00C2F20000FAF784FE38B9207898
:1022880028B140F2DC00C2F20000FFF765FF04B09D
:1022980010BD00000A46014640F26000C2F200008C
:1022A8000630F5F74AB800000A46014640F26000D9
:1022B800C2F200001A30F5F740B800000A4601469D
:1022C80040F26000C2F200002730F5F736B800008F
:1022D8000FB4054B10B503A9044A029800F008F999
:1022E80010BC5DF814FB00003D1501080800002033
:1022F8000FB47CB50C0009AD01D0611E00E00021CF
:10230800CDE90001064B6A462946089800F0F0F826
:10231800002C02D0009A002111707CBC5DF814FBDF
:10232800272C01080FB4084B10B504A902AA03987A
:1023380000F0DEF8044602A9002000F07BFC2046ED
:1023480010BC5DF814FB00003D2C010802E008C831
:10235800121F08C1002AFAD170477047002001E017
:1023680001C1121F002AFBD1704700002DE9FF5F51
:1023780082B00021DDE90430020DDDF840B00343EE
:1023880018D044F61050A2F2FF32424315141198A7
:1023980001281FD0A5EB0B00401C5FEA000A4FF094
:1023A80000064E4FDFF83891B046504615D5CAF1B1
:1023B800000413E0119801244AA3012801D16FEA0F
:1023C8000B010298119AC0E90031C0E9024206B037
:1023D800BDE8F09FCBF10000DFE704460021404A4A
:1023E800491842EB0450CDE9001012E0E00707D08D
:1023F80032463B4640464946F5F7A7F880468946A7
:1024080032463B4610461946F5F79FF806460F46F2
:102418006410002CEAD1DDE90401DDE90023BAF1FA
:10242800000F06DAF5F791F842464B46F5F78DF8B6
:1024380005E0F5F7FCF842464B46F5F7F8F8044690
:102448000E460022284BF5F72BFA03D84FF0FF3041
:10245800014607E00022254B20463146F4F7CEFF1F
:10246800F5F705FA102409E0002C0ADB0A220023FC
:10247800F4F732FF039B30321A55641E50EA01020A
:10248800F2D1641C039AC4F111031444119A012A6D
:1024980003D0012208430DD10AE0084304D00020EC
:1024A8004FF0110B119072E7A3EB0B056D1E0DE0B9
:1024B8005B4504DD4FF0000205F1010504E003DA95
:1024C8004FF00002A5F10105002AECD002981199FD
:1024D800C0E90231C0E9004579E700000000144076
:1024E8000000F03F300000000000F0430000E03F33
:1024F8002DE9FF4F95B09B468946064600250FE219
:10250800252877D100242746F84A0121059400E0C0
:10251800044316F8013F203B01FA03F01042F7D1BB
:1025280030782A2811D06FF02F033078A0F13002CC
:10253800092A16D8059A44F0020402EB820203EB3A
:1025480042021044761C0590EFE759F8042B0592D7
:10255800002A03DA504244F40054059044F002047F
:10256800761C30782E2816D116F8010F44F0040492
:102578002A280DD06FF02F023078A0F13003092BF4
:1025880009D807EB870302EB4303C718761CF3E768
:1025980059F8047B761C30786C280FD006DC4C2860
:1025A80017D068280DD06A2814D104E0742810D0F8
:1025B8007A280FD10DE044F400140AE044F48014A2
:1025C80001E044F440147278824202D104F5801488
:1025D800761C761C307866280BD013DC582877D008
:1025E80009DC002875D04528F6D04628F4D04728BD
:1025F8001AD19DE118E0632835D0642879D0652880
:1026080012D195E1702873D008DC6728F1D06928C9
:102618006FD06E280DD06F2806D1B5E073282CD066
:10262800752875D0782874D05A46179990476D1C2C
:1026380075E1C4F30250022809D003280DD0D9F857
:10264800001004280DD00D6009F1040967E1D9F8DC
:102658000010EA17C1E90052F6E7D9F800100D801A
:10266800F2E70D70F0E719F8041B8DF80010002050
:102678008DF80100EA46012003E059F804AB4FF059
:10268800FF3061074FF0000102D40DE008F10101AD
:102698008846B9420FDA8045F8DB1AF80810002995
:1026A800F4D108E008F1010188468142FADB1AF802
:1026B80008100029F6D105985B46A0EB08072146CB
:1026C8003846179A00F094FA284400EB080507E00A
:1026D8004DE029E10DE01AF8010B5A461799904789
:1026E800B8F10108F7D25B4621463846179A13E13C
:1026F80042E00A220092C4F302524FF0000A022A72
:1027080008D059F804CB032A4FEAEC710AD00DE03F
:1027180029E02AE009F1070121F00702F2E802C1E5
:10272800914609E00FFA8CFC4FEAEC71042A03D1B8
:102738004FFA8CFC4FEAEC71002907DA0A460021AF
:10274800DCF1000C61EB02012D2202E0220504D528
:102758002B228DF80420012203E0E20701D0202279
:10276800F7E7904659E00A2102E010220DE0102117
:102778004FF0000A00910BE010224FF0000A44F0DD
:1027880004040827009203E008224FF0000A009290
:10279800C4F30252022A05D059F804CB0021032AB7
:1027A80008D009E009F1070121F00702F2E802C1A7
:1027B800914605E01FFA8CFC042A01D10CF0FF0CAD
:1027C8004FF00008220728D5702806D0009B83F018
:1027D800100353EA0A0305D00EE040228DF80420C6
:1027E800012208E05CEA010206D030228DF80420BC
:1027F8008DF8050002229046009B83F0080353EAF7
:102808000A030AD15CEA010201D1620705D5302228
:102818008DF804204FF001087F1E582804D034A0FA
:1028280003900EA802900DE036A0F9E753466046E3
:10283800009AF4F751FD84460398825C0298401E82
:10284800029002705CEA0100F0D1029806A9081A09
:1028580000F1200A600702D524F4803400E0012743
:10286800574502DDA7EB0A0000E0002000EB0A0153
:10287800009005984144401A0590E00306D45B4651
:102888002146179A059800F0B3F90544002706E099
:1028980001A85A46C05D179990476D1C7F1C474593
:1028A800F6DBE0030CD55B462146179A059800F045
:1028B8009FF9054404E030205A46179990476D1C4B
:1028C8000099481E00900029F5DC08E0029802995A
:1028D8005A460078491C0291179990476D1CBAF125
:1028E8000001AAF1010AF1DC65E1000009280100F4
:1028F800303132333435363738396162636465666E
:10290800000000003031323334353637383941422F
:10291800434445460000000000F058F90544761C81
:10292800307800287FF4ECAD19B02846BDE8F08F68
:10293800620700D4062709F1070222F0070CFCE819
:102948000223E14603F000485FEA080C02D00FF2C8
:10295800702C0DE05FEA045C02D50FF2682C07E0EA
:102968005FEAC47C02D00FF2602C01E0AFF2700C79
:102978004FF0FF3823F00043CDF850C065280CD045
:1029880006DC452809D046281DD047283DD13DE022
:10299800662818D067287ED138E00021112F01DB86
:1029A800112000E0781CCDE9000106A90EA8FFF768
:1029B800DDFCDDE90F010E9A03910021009207F179
:1029C800010A04914DE04FF000400097CDE9011055
:1029D80006A90EA8FFF7CAFCDDE90F0203920E9BB9
:1029E80011990022DDF80CA00093049211B9791C0A
:1029F80000EB010AB7EB0A0004D4C0F1FF3007F17D
:102A0800010A0490AAEB0700019044E0012F00DAC4
:102A180001270021112F01DD112000E03846CDE902
:102A2800000106A90EA8FFF7A1FCDDE90F010E9A27
:102A38000391002104910092BA4621070CD403990E
:102A4800514500DA8A46BAF1010F05DD009AAAF16C
:102A58000101515C302908D0B84202DA10F1040FA4
:102A680006DA0121CDE9011015E0AAF10101E9E733
:102A7800002805DC049901440491AAEB000102E056
:102A8800411C514500DD8A460499401A401C0190BA
:102A98004FF000400290200704D40198504501DB14
:102AA800CDF8048000208DF84F0002980DF14F07F3
:102AB800B0F1004F25D02B200E9002984FF002085D
:102AC80000280CDA404202902D200E9007E00A21DF
:102AD8000298F4F728FE3031029007F8011DB8F18A
:102AE8000001A8F10108F2DC02980028EFD1791E54
:102AF8000E980870307800F0200040F0450007F884
:102B0800020D12A8C01B00F107081498007800B144
:102B1800012000EB0A01019801EBE071059841449E
:102B2800401A401E0590E00306D45B462146179ADA
:102B3800059800F05DF805441498007818B15A46D5
:102B4800179990476D1CE00324D55B462146179AD8
:102B5800059800F04DF805441CE00498002807DBB0
:102B6800DDE90301884203DD0098405C179901E024
:102B7800179930205A469047049805F10105401CE2
:102B880004900198401E019004D12E205A461799AE
:102B980090476D1CBAF10001AAF1010ADDDC05E0DD
:102BA80017F8010B5A46179990476D1CB8F10001A8
:102BB800A8F10108F4DC5B462146179A0598ABE6B4
:102BC8002D0000002B000000200000002DE9F0413E
:102BD800044600251E461746880404D405E03946F5
:102BE8002020B0476D1C641EF9D52846BDE8F08149
:102BF8002DE9F041044600251E469046C80301D53C
:102C0800302700E02027880404D505E041463846EF
:102C1800B0476D1C641EF9D52846BDE8F0814A68A6
:102C2800002A06D00A68531C0B6010704868401EC2
:102C3800486070470A68531C0B60107070470000AA
:102C480010B5044601E0FEF775FC14F8010B0449C1
:102C58000028F8D1BDE810400A20FEF76BBC000040
:102C6800080000206674703A2F2F616E6F6E796DC0
:102C78006F75733A616E6F6E796D6F757340000092
:102C88006674703A2F2F6674702E00006674707325
:102C98003A2F2F0000000000736674703A2F2F003F
:102CA800006E6577733A000074656C6E65743A2F30
:102CB8002F0000696D61703A000000007274737033
:102CC8003A2F2F0000736970733A000074667470AD
:102CD8003A00000062746C326361703A2F2F000072
:102CE8006274676F65703A2F2F0000007463706F0D
:102CF8006265783A2F2F0000697264616F626578A7
:102D08003A2F2F000000000066696C653A2F2F00EB
:102D18000000000075726E3A6570633A69643A00A3
:102D28000000000075726E3A6570633A746167005E
:102D38000000000075726E3A6570633A7061743A0B
:102D48000000000075726E3A6570633A7261773AF6
:102D580000000000687474703A2F2F7777772E0080
:102D68000000000068747470733A2F2F7777772EFD
:102D780000000000687474703A2F2F0000000000F3
:102D88006D61696C746F3A0000000000000000007B
:102D98000000000000000000C42E0108440A0320BF
:102DA800480A032026040400000000000000000078
:102DB80000000000000000000000000044000800BF
:102DC8004005020112299C00F4010002FFFFFFFFE9
:102DD8004801010000200000000372060000000006
:102DE8000D000000010000000300000005000000C5
:102DF8000100000001000000060000000A000000B9
:102E0800200000000200000004000000080000008C
:102E180010000000400000008000000000010000D9
:102E28000002000000000000000000000000000098
:102E38000000000001000000020000000300000084
:102E48000400000019ED82AEED214C9D4145228E13
:102E580011FE0000A0860100400D0300801A060044
:102E680000350C0040420F0080841E0000093D0020
:102E780000127A000024F40000366E010048E801D0
:102E8800006CDC02000000000000000000000000F0
:102E9800000000000403020201010101000000001B
:102EA80000000000010002000400060008000A00FB
:102EB8000C001000200040008000000100000048C5
:102EC8000100000000000048010000000000004868
:102ED8000100000000000048010000000000004858
:102EE8000100000000000048010000000000004848
:102EF8000100000000000048010000000000004838
:102F08000100000000000048010000000000004827
:102F18000100000000000048010000000000004817
:102F28000100000000000048010000000000004807
:102F380001000000000000480100000000000048F7
:102F480001000000000000480100000000000048E7
:102F580001000000000000480100000000000048D7
:102F680001000000000000480100000000000048C7
:102F780001000000000000480100000000000048B7
:102F880001000000000000480100000000000048A7
:102F98000100000000000048010000000000004897
:102FA8000100000000000048010000000000004887
:102FB8000100000000000048010000000000004877
:102FC8000100000000000048010000000000004867
:102FD8000100000000000048010000000000004857
:102FE800010000000000004801000000FEDCBA09F2
:102FF80087654321FEDCBA09876543211234567878
:103008009ABCDEF0123456789ABCDEF00101010356
:10301800070100000804020408010101736D623A07
:103028002F2F00006E66733A2F2F00006674703AD7
:103038002F2F00006461763A2F2F00002530325878
:103048003A253032583A253032583A253032583AF3
:10305800253032583A253032580002656E25735FA4
:103068002573004B502D426C652D56323431303A61
:103078002048656C6C6F20576F726C64204877200D
:1030880025730D0A00576972656C6573732046696C
:10309800726D77617265206275696C642025640AB7
:1030A800004655532076657273696F6E2025642E2D
:1030B80025642E25640A00576972656C6573732050
:1030C8004669726D776172652076657273696F6E95
:1030D8002025642E25642E25640A00202020202027
:1030E8002D20537461727441646472657373203D5A
:1030F800202578202C2053697A65203D2025750AE3
:10310800003D3D3E3E20534843495F5355425F458D
:1031180056545F4E564D5F53544152545F5752496F
:103128005445203A204E756D6265724F66576F722E
:103138006473203D2025750A003E3E3D3D205348DE
:1031480043495F5355425F4556545F434F44455F7B
:103158005245414459202D20554E45585045435419
:1031680045442043415345200A0D003E3E3D3D2045
:10317800534843495F5355425F4556545F45525241
:103188004F525F4E4F544946200A0D003E3E3D3D8A
:1031980020534843495F5355425F4556545F434F58
:1031A80044455F5245414459202D204655535F46BA
:1031B800575F52554E4E494E47200A0D003E3E3D40
:1031C8003D204442474D43555F47657444657669E1
:1031D800636549443D202578200A0D003E3E3D3D6B
:1031E800204442474D43555F47657452657669737D
:1031F800696F6E49443D202578200A0D003E3E3D0A
:103208003D20534843495F5355425F4556545F45F7
:1032180052524F525F4E4F54494620574954482006
:10322800524541534F4E202578200A0D003E3E3D21
:103238003D20534843495F5355425F4556545F43C9
:103248004F44455F52454144590A0D003E3E3D3DBD
:1032580020534843495F5355425F4556545F424C9B
:10326800455F4E564D5F52414D5F55504441544560
:10327800202D2D20424C45204E564D2052414D20A8
:10328800484153204245454E2055504441544544F9
:10329800204259204350553220003E3E3D3D2057A4
:1032A8004952454C4553535F46575F52554E4E4918
:1032B8004E4720003E3E3D3D20534843495F53550D
:1032C800425F4556545F4552524F525F4E4F5449E4
:1032D80046205749544820524541534F4E202D20EF
:1032E800424C45204552524F5220003E3E3D3D2023
:1032F800534843495F5355425F4556545F455252C0
:103308004F525F4E4F544946205749544820524522
:1033180041534F4E202D204552525F424C455F4944
:103328004E49542000434D44203D3D3E20466169AE
:103338006C6564204143495F4741505F41444449BB
:1033480054494F4E4E414C5F424541434F4E5F53A7
:1033580045545F444154412C20726573756C743A2E
:10336800202564200D0A003D3D3E3E206163695FD3
:103378006761705F7365745F6E6F6E5F64697363B6
:103388006F76657261626C65202D2053746F7020B2
:103398004164766572746973696E67204661696C09
:1033A8006564202C20726573756C743A202564203E
:1033B8000A0020204661696C2020203A2061636958
:1033C8005F68616C5F77726974655F636F6E666969
:1033D800675F6461746120636F6D6D616E64202D39
:1033E80020434F4E4649475F444154415F45525F31
:1033F8004F46465345542C20726573756C743A20B9
:1034080030782578200A0020204661696C20202029
:103418003A206163695F68616C5F77726974655FA0
:10342800636F6E6669675F6461746120636F6D6D59
:10343800616E64202D20434F4E4649475F444154F6
:10344800415F49525F4F46465345542C207265737D
:10345800756C743A2030782578200A00202046615F
:10346800696C2020203A206163695F68616C5F772E
:10347800726974655F636F6E6669675F64617461C2
:1034880020636F6D6D616E64202D20434F4E464959
:10349800475F444154415F52414E444F4D5F414460
:1034A80044524553535F4F46465345542C2072654A
:1034B80073756C743A2030782578200A00202046ED
:1034C80061696C2020203A206163695F68616C5FE4
:1034D8007365745F74785F706F7765725F6C65761B
:1034E800656C20636F6D6D616E642C2072657375F9
:1034F8006C743A2030782578200A002020466169CB
:103508006C2020203A206863695F726573657420B7
:10351800636F6D6D616E642C20726573756C743A9F
:103528002030782578200A0020204661696C202008
:10353800203A206163695F6761705F696E69742012
:10354800636F6D6D616E642C20726573756C743A6F
:103558002030782578200A0020204661696C2020D8
:10356800203A206163695F676174745F696E69748A
:1035780020636F6D6D616E642C20726573756C7459
:103588003A2030782578200A0020204661696C208E
:1035980020203A206163695F6761705F7365745FBB
:1035A80061757468656E7469636174696F6E5F7262
:1035B8006571756972656D656E7420636F6D6D6197
:1035C8006E642C20726573756C743A203078257897
:1035D800200A0020204661696C2020203A2061637F
:1035E800695F6761705F636F6E6669677572655F53
:1035F80077686974656C69737420636F6D6D616E4B
:10360800642C20726573756C743A203078257820A4
:103618000A0020204661696C2020203A20686369EE
:103628005F6C655F7365745F64656661756C745F14
:1036380070687920636F6D6D616E642C207265739C
:10364800756C743A2030782578200A00202046616D
:10365800696C2020203A206163695F6761705F733D
:1036680065745F696F5F6361706162696C697479C1
:1036780020636F6D6D616E642C20726573756C7458
:103688003A2030782578200A003E3E3D3D204843C8
:10369800495F4C455F434F4E4E454354494F4E5F3B
:1036A800434F4D504C4554455F5355424556545F22
:1036B800434F4445202D20436F6E6E656374696FD8
:1036C8006E2068616E646C653A20307825780A004F
:1036D800202052616E646F6D20426C7565746F6F47
:1036E800746820416464726573733A2025303278B7
:1036F8003A253032783A253032783A253032783ADD
:10370800253032783A253032780A002020202020CF
:103718002D20436F6E6E656374696F6E20657374D8
:1037280061626C69736865642077697468204365B1
:103738006E7472616C3A20403A253032783A2530FE
:1037480032783A253032783A253032783A25303294
:10375800783A253032780A003D3D3E3E2053746168
:103768007274204C6F7720506F77657220416476B1
:103778006572746973696E67204661696C65642057
:103788002C20726573756C743A202564200A0D002C
:103798003D3D3E3E2053746172742046617374202F
:1037A8004164766572746973696E67204661696CF5
:1037B8006564202C20726573756C743A202564202A
:1037C8000A0D003D3D3E3E2050485920506172612F
:1037D8006D202054583D2025642C2052583D20252A
:1037E80064200A0D003D3D3E3E20537563636573BA
:1037F800733A205374617274204C6F7720506F773E
:103808006572204164766572746973696E67200A0F
:103818000D0020204661696C2020203A20616369F0
:103828005F68616C5F7365745F726164696F5F6123
:10383800637469766974795F6D61736B20636F6D0A
:103848006D616E642C20726573756C743A203078E3
:103858002578200A0D002020537563636573733A39
:10386800206163695F68616C5F7365745F7261642E
:10387800696F5F61637469766974795F6D61736B91
:1038880020636F6D6D616E640A0D003D3D3E3E2004
:10389800456E6420426C655F4863695F4761705F8D
:1038A800476174745F496E69742066756E637469E4
:1038B8006F6E0A0D0020202020202D20436F6E6E91
:1038C800656374696F6E20496E74657276616C3ACF
:1038D800202020252E3266206D730A2020202020EB
:1038E8002D20436F6E6E656374696F6E206C617412
:1038F800656E63793A2020202025640A2020202044
:10390800202D205375706572766973696F6E205427
:10391800696D656F75743A202564206D730A0D0012
:1039280020202020202D20436F6E6E656374696F00
:103938006E2048616E646C653A20202030782578C6
:103948000A20202020202D20526561736F6E3A20B6
:10395800202020307825780A0D00434D44203D3D35
:103968003E205375636365737366756C6C7920418B
:1039780043495F4741505F4144444954494F4E4E83
:10398800414C5F424541434F4E5F5345545F44416C
:103998005441200D003D3D3E3E204843495F4C4583
:1039A8005F5048595F5550444154455F434F4D500F
:1039B8004C4554455F5355424556545F434F444523
:1039C800202D20003D3D3E3E206163695F676170A8
:1039D8005F7365745F6E6F6E5F646973636F76653E
:1039E8007261626C65202D2053756363657373661D
:1039F800756C6C792053746F7070656420416476BF
:103A08006572746973696E6720003D3D3E3E2068AB
:103A180063695F6C655F726561645F706879202DAA
:103A2800205375636365737320003E3E3D3D204817
:103A380043495F4C455F434F4E4E454354494F4EB3
:103A48005F5550444154455F434F4D504C45544594
:103A58005F5355424556545F434F4445003E3E3DF3
:103A68003D204843495F444953434F4E4E454354D4
:103A7800494F4E5F434F4D504C4554455F45565452
:103A88005F434F4445002020537563636573733A61
:103A9800206163695F68616C5F77726974655F63F1
:103AA8006F6E6669675F6461746120636F6D6D61D5
:103AB8006E64202D20434F4E4649475F4441544190
:103AC8005F45525F4F464653455400202053756367
:103AD800636573733A206163695F68616C5F7772CD
:103AE8006974655F636F6E6669675F64617461209E
:103AF800636F6D6D616E64202D20434F4E464947BC
:103B08005F444154415F49525F4F46465345540014
:103B18002020537563636573733A206163695F6836
:103B2800616C5F77726974655F636F6E6669675F02
:103B38006461746120636F6D6D616E64202D204334
:103B48004F4E4649475F444154415F52414E444FAE
:103B58004D5F414444524553535F4F464653455485
:103B6800002020537563636573733A206163695F4E
:103B780068616C5F7365745F74785F706F77657286
:103B88005F6C6576656C20636F6D6D616E64002097
:103B980020537563636573733A206163695F676176
:103BA800705F696E697420636F6D6D616E6400206B
:103BB80020537563636573733A206163695F676156
:103BC80074745F696E697420636F6D6D616E6400F3
:103BD8002020537563636573733A206163695F6777
:103BE80061705F7365745F61757468656E7469632D
:103BF8006174696F6E5F726571756972656D656E06
:103C08007420636F6D6D616E64002020537563636B
:103C18006573733A206163695F6761705F636F6E94
:103C28006669677572655F77686974656C697374CE
:103C380020636F6D6D616E6400202053756363654A
:103C480073733A206863695F6C655F7365745F645A
:103C5800656661756C745F70687920636F6D6D61FE
:103C68006E64002020537563636573733A20616343
:103C7800695F6761705F7365745F696F5F636170C7
:103C88006162696C69747920636F6D6D616E64003F
:103C98003D3D3E3E20537461727420426C655F481E
:103CA80063695F4761705F476174745F496E6974E7
:103CB8002066756E6374696F6E0052656164204D8D
:103CC8006F64652076616C75652025303278200D2B
:103CD8000A00526561642072657365742074696DA9
:103CE80065722046696E6973682025303278200D28
:103CF8000A00526561642072657365742074696D89
:103D08006572204E6F742046696E6973682025308D
:103D18003278200D0A0053657420535349442076A5
:103D2800696120424C453A2025730D0A00526561AD
:103D38006420535349442076616C75653A20257395
:103D48000D0A005365742072657365742074696D7B
:103D580065722046696E697368202530327820259F
:103D68003032780D0A0053657420726573657420CB
:103D780074696D6572204E6F742046696E69736848
:103D8800202530327820253032780D0A0053656EB0
:103D98006420436F6D6D616E642025303278202574
:103DA80030327820253032780D0A002D2D205032FF
:103DB80050204150504C49434154494F4E2053459F
:103DC80052564552203A204E4F5449464943415491
:103DD800494F4E2053484F5420454E41424C45448C
:103DE8000D002D2D20503250204150504C49434158
:103DF80054494F4E20534552564552203A204E4F73
:103E080054494649434154494F4E20524157204551
:103E18004E41424C45440D002D2D2050325020413A
:103E280050504C49434154494F4E205345525645F2
:103E380052203A204E4F54494649434154494F4E27
:103E48002053484F542044495341424C45440D00A7
:103E58002D2D20503250204150504C494341544957
:103E68004F4E20534552564552203A204E4F544902
:103E78004649434154494F4E2052415720444953E3
:103E880041424C45440D00536574204D6F64650DE7
:103E9800002D2D20503250204150504C4943415460
:103EA800494F4E20534552564552203A2043414EE1
:103EB800275420494E464F524D20434C49454E54B5
:103EC800202D20204E4F54494649434154494F4ED6
:103ED8002044495341424C45440D0A20002D2D20D1
:103EE800503250204150504C49434154494F4E2084
:103EF800534552564552203A20424F4F542052457E
:103F080051554553544544004C656420626C7565B1
:103F18002072657365740067656F3A00736D733A54
:103F2800006170706C69636174696F6E2F766E647E
:103F38002E7766612E7773630000000048710008D1
:103F480008000020E800000054230108307200082F
:103F580000000320280000005423010858720008BC
:103F680028000320400A0000087900083072000881
:103F7800F00000201861000064230108298A449495
:04000005080072A9D4
:00000001FF
